customer_id,is_churned,churn_probability,risk_category
CUST_012346,1,0.99,High Risk
CUST_012347,0,0.0,
CUST_012348,0,0.03,Low Risk
CUST_012349,0,0.0,
CUST_012350,1,1.0,High Risk
CUST_012352,0,0.0,
CUST_012353,1,1.0,High Risk
CUST_012354,1,1.0,High Risk
CUST_012355,1,1.0,High Risk
CUST_012356,0,0.0,
CUST_012357,0,0.01,Low Risk
CUST_012358,0,0.0,
CUST_012359,0,0.0,
CUST_012360,0,0.0,
CUST_012361,1,1.0,High Risk
CUST_012362,0,0.0,
CUST_012363,1,1.0,High Risk
CUST_012364,0,0.0,
CUST_012365,1,1.0,High Risk
CUST_012367,0,0.0,
CUST_012370,0,0.0,
CUST_012371,0,0.01,Low Risk
CUST_012372,0,0.0,
CUST_012373,1,1.0,High Risk
CUST_012374,0,0.0,
CUST_012375,0,0.0,
CUST_012377,1,1.0,High Risk
CUST_012378,1,0.99,High Risk
CUST_012379,0,0.0,
CUST_012380,0,0.0,
CUST_012381,0,0.0,
CUST_012383,1,0.99,High Risk
CUST_012384,0,0.0,
CUST_012386,1,1.0,High Risk
CUST_012388,0,0.0,
CUST_012390,0,0.0,
CUST_012391,0,0.0,
CUST_012393,0,0.0,
CUST_012394,0,0.0,
CUST_012395,0,0.0,
CUST_012397,0,0.0,
CUST_012398,0,0.0,
CUST_012399,1,1.0,High Risk
CUST_012401,1,1.0,High Risk
CUST_012402,1,1.0,High Risk
CUST_012403,0,0.0,
CUST_012405,1,1.0,High Risk
CUST_012406,0,0.0,
CUST_012407,0,0.0,
CUST_012408,0,0.0,
CUST_012409,0,0.01,Low Risk
CUST_012410,1,1.0,High Risk
CUST_012412,0,0.0,
CUST_012413,0,0.0,
CUST_012414,1,1.0,High Risk
CUST_012415,0,0.0,
CUST_012417,0,0.0,
CUST_012418,1,1.0,High Risk
CUST_012420,0,0.0,
CUST_012421,0,0.0,
CUST_012422,1,0.99,High Risk
CUST_012423,0,0.0,
CUST_012424,1,0.99,High Risk
CUST_012425,0,0.0,
CUST_012426,1,1.0,High Risk
CUST_012427,0,0.0,
CUST_012428,0,0.0,
CUST_012429,0,0.0,
CUST_012430,0,0.0,
CUST_012431,0,0.0,
CUST_012432,0,0.0,
CUST_012433,0,0.0,
CUST_012434,0,0.0,
CUST_012435,0,0.0,
CUST_012436,1,1.0,High Risk
CUST_012437,0,0.0,
CUST_012438,0,0.0,
CUST_012441,1,1.0,High Risk
CUST_012442,0,0.0,
CUST_012444,0,0.0,
CUST_012445,0,0.0,
CUST_012446,0,0.01,Low Risk
CUST_012447,1,0.99,High Risk
CUST_012448,0,0.0,
CUST_012449,0,0.0,
CUST_012450,1,0.99,High Risk
CUST_012451,0,0.0,
CUST_012452,0,0.0,
CUST_012453,1,0.99,High Risk
CUST_012454,0,0.0,
CUST_012455,0,0.0,
CUST_012456,0,0.0,
CUST_012457,0,0.0,
CUST_012458,0,0.0,
CUST_012461,1,0.99,High Risk
CUST_012462,0,0.0,
CUST_012463,0,0.01,Low Risk
CUST_012464,0,0.0,
CUST_012465,0,0.0,
CUST_012468,1,0.99,High Risk
CUST_012471,0,0.0,
CUST_012472,0,0.0,
CUST_012473,0,0.0,
CUST_012474,0,0.0,
CUST_012475,0,0.0,
CUST_012476,0,0.0,
CUST_012477,0,0.0,
CUST_012478,0,0.0,
CUST_012479,0,0.0,
CUST_012480,0,0.0,
CUST_012481,0,0.0,
CUST_012483,0,0.0,
CUST_012484,0,0.0,
CUST_012488,0,0.0,
CUST_012489,1,1.0,High Risk
CUST_012490,0,0.0,
CUST_012491,0,0.0,
CUST_012492,0,0.02,Low Risk
CUST_012493,1,1.0,High Risk
CUST_012494,0,0.0,
CUST_012497,0,0.0,
CUST_012498,0,0.0,
CUST_012500,0,0.0,
CUST_012501,1,0.97,High Risk
CUST_012502,1,0.98,High Risk
CUST_012504,0,0.0,
CUST_012506,1,1.0,High Risk
CUST_012507,1,1.0,High Risk
CUST_012508,0,0.0,
CUST_012509,1,1.0,High Risk
CUST_012510,1,1.0,High Risk
CUST_012512,0,0.0,
CUST_012513,1,1.0,High Risk
CUST_012514,1,0.99,High Risk
CUST_012515,1,1.0,High Risk
CUST_012516,0,0.0,
CUST_012517,0,0.0,
CUST_012518,0,0.0,
CUST_012519,0,0.0,
CUST_012520,0,0.02,Low Risk
CUST_012521,1,1.0,High Risk
CUST_012522,0,0.0,
CUST_012523,0,0.0,
CUST_012524,0,0.0,
CUST_012526,0,0.0,
CUST_012527,0,0.01,Low Risk
CUST_012528,0,0.0,
CUST_012530,0,0.0,
CUST_012531,0,0.0,
CUST_012532,0,0.0,
CUST_012534,1,1.0,High Risk
CUST_012535,1,1.0,High Risk
CUST_012536,0,0.0,
CUST_012538,0,0.0,
CUST_012539,0,0.0,
CUST_012540,0,0.0,
CUST_012541,0,0.0,
CUST_012544,0,0.0,
CUST_012545,0,0.01,Low Risk
CUST_012546,0,0.0,
CUST_012547,1,1.0,High Risk
CUST_012548,1,1.0,High Risk
CUST_012550,0,0.0,
CUST_012551,1,1.0,High Risk
CUST_012552,0,0.0,
CUST_012553,0,0.0,
CUST_012556,0,0.0,
CUST_012557,0,0.0,
CUST_012558,0,0.0,
CUST_012559,1,1.0,High Risk
CUST_012560,0,0.0,
CUST_012561,1,1.0,High Risk
CUST_012562,0,0.0,
CUST_012564,1,1.0,High Risk
CUST_012565,1,1.0,High Risk
CUST_012566,0,0.0,
CUST_012567,0,0.0,
CUST_012569,0,0.0,
CUST_012571,0,0.0,
CUST_012572,0,0.0,
CUST_012573,1,1.0,High Risk
CUST_012574,1,1.0,High Risk
CUST_012576,0,0.0,
CUST_012577,0,0.0,
CUST_012578,0,0.0,
CUST_012579,0,0.0,
CUST_012580,1,1.0,High Risk
CUST_012581,0,0.0,
CUST_012582,1,1.0,High Risk
CUST_012583,0,0.0,
CUST_012584,0,0.0,
CUST_012585,1,1.0,High Risk
CUST_012586,0,0.0,
CUST_012587,0,0.0,
CUST_012588,0,0.0,
CUST_012589,0,0.0,
CUST_012590,1,0.99,High Risk
CUST_012591,1,1.0,High Risk
CUST_012592,1,1.0,High Risk
CUST_012593,1,1.0,High Risk
CUST_012594,0,0.0,
CUST_012596,0,0.01,Low Risk
CUST_012597,0,0.0,
CUST_012598,0,0.0,
CUST_012599,0,0.0,
CUST_012600,0,0.0,
CUST_012601,1,1.0,High Risk
CUST_012602,0,0.0,
CUST_012603,0,0.0,
CUST_012604,0,0.0,
CUST_012607,0,0.0,
CUST_012609,0,0.0,
CUST_012610,0,0.0,
CUST_012611,0,0.0,
CUST_012612,0,0.0,
CUST_012613,0,0.0,
CUST_012614,1,1.0,High Risk
CUST_012615,0,0.0,
CUST_012616,1,1.0,High Risk
CUST_012617,0,0.0,
CUST_012618,0,0.0,
CUST_012619,0,0.0,
CUST_012620,0,0.0,
CUST_012621,0,0.0,
CUST_012622,1,1.0,High Risk
CUST_012623,1,1.0,High Risk
CUST_012624,1,1.0,High Risk
CUST_012625,1,1.0,High Risk
CUST_012626,0,0.0,
CUST_012627,0,0.0,
CUST_012628,0,0.0,
CUST_012630,0,0.0,
CUST_012631,0,0.0,
CUST_012633,0,0.0,
CUST_012635,0,0.01,Low Risk
CUST_012637,0,0.0,
CUST_012638,0,0.0,
CUST_012639,1,0.99,High Risk
CUST_012640,0,0.0,
CUST_012641,1,1.0,High Risk
CUST_012642,0,0.0,
CUST_012643,1,1.0,High Risk
CUST_012644,1,1.0,High Risk
CUST_012645,0,0.0,
CUST_012646,0,0.0,
CUST_012647,0,0.0,
CUST_012648,1,1.0,High Risk
CUST_012649,1,1.0,High Risk
CUST_012650,0,0.0,
CUST_012651,1,0.99,High Risk
CUST_012652,1,1.0,High Risk
CUST_012653,1,0.99,High Risk
CUST_012654,0,0.0,
CUST_012656,0,0.0,
CUST_012657,0,0.0,
CUST_012658,0,0.0,
CUST_012659,0,0.0,
CUST_012660,0,0.0,
CUST_012662,0,0.0,
CUST_012664,0,0.0,
CUST_012665,1,1.0,High Risk
CUST_012667,0,0.0,
CUST_012668,0,0.0,
CUST_012669,1,0.99,High Risk
CUST_012670,0,0.0,
CUST_012672,1,1.0,High Risk
CUST_012673,0,0.0,
CUST_012674,0,0.0,
CUST_012676,0,0.0,
CUST_012678,0,0.02,Low Risk
CUST_012679,0,0.0,
CUST_012680,0,0.0,
CUST_012681,0,0.0,
CUST_012682,0,0.0,
CUST_012683,0,0.0,
CUST_012684,0,0.0,
CUST_012685,0,0.0,
CUST_012686,1,1.0,High Risk
CUST_012688,1,0.99,High Risk
CUST_012689,0,0.0,
CUST_012690,1,1.0,High Risk
CUST_012691,0,0.0,
CUST_012693,1,0.96,High Risk
CUST_012694,0,0.0,
CUST_012695,0,0.0,
CUST_012697,0,0.0,
CUST_012700,0,0.0,
CUST_012701,0,0.0,
CUST_012702,0,0.0,
CUST_012703,0,0.0,
CUST_012704,0,0.0,
CUST_012705,0,0.0,
CUST_012707,1,1.0,High Risk
CUST_012708,0,0.0,
CUST_012709,0,0.0,
CUST_012710,1,1.0,High Risk
CUST_012712,0,0.0,
CUST_012713,0,0.0,
CUST_012714,0,0.0,
CUST_012715,1,1.0,High Risk
CUST_012716,0,0.0,
CUST_012717,1,1.0,High Risk
CUST_012718,0,0.0,
CUST_012719,0,0.0,
CUST_012720,0,0.0,
CUST_012721,0,0.0,
CUST_012722,0,0.0,
CUST_012723,0,0.0,
CUST_012724,0,0.0,
CUST_012725,1,1.0,High Risk
CUST_012726,0,0.0,
CUST_012727,0,0.0,
CUST_012728,0,0.0,
CUST_012729,1,0.99,High Risk
CUST_012731,0,0.0,
CUST_012732,1,1.0,High Risk
CUST_012733,1,1.0,High Risk
CUST_012734,1,1.0,High Risk
CUST_012735,1,0.99,High Risk
CUST_012736,1,1.0,High Risk
CUST_012738,1,1.0,High Risk
CUST_012739,0,0.01,Low Risk
CUST_012740,0,0.0,
CUST_012743,1,0.98,High Risk
CUST_012744,0,0.02,Low Risk
CUST_012747,0,0.0,
CUST_012748,0,0.0,
CUST_012749,0,0.0,
CUST_012750,1,1.0,High Risk
CUST_012752,0,0.0,
CUST_012753,0,0.0,
CUST_012754,1,0.99,High Risk
CUST_012755,1,1.0,High Risk
CUST_012756,0,0.01,Low Risk
CUST_012757,0,0.0,
CUST_012758,1,0.99,High Risk
CUST_012759,0,0.0,
CUST_012762,0,0.0,
CUST_012763,1,0.98,High Risk
CUST_012764,1,1.0,High Risk
CUST_012766,0,0.0,
CUST_012769,1,1.0,High Risk
CUST_012770,1,0.99,High Risk
CUST_012772,0,0.0,
CUST_012775,0,0.0,
CUST_012778,0,0.0,
CUST_012779,0,0.0,
CUST_012781,0,0.0,
CUST_012782,0,0.0,
CUST_012783,0,0.0,
CUST_012784,0,0.0,
CUST_012785,1,1.0,High Risk
CUST_012787,0,0.0,
CUST_012789,0,0.02,Low Risk
CUST_012790,1,1.0,High Risk
CUST_012791,1,1.0,High Risk
CUST_012792,1,0.99,High Risk
CUST_012793,1,1.0,High Risk
CUST_012794,0,0.0,
CUST_012795,0,0.0,
CUST_012797,1,1.0,High Risk
CUST_012798,0,0.0,
CUST_012802,1,1.0,High Risk
CUST_012808,0,0.0,
CUST_012809,1,1.0,High Risk
CUST_012811,1,1.0,High Risk
CUST_012812,0,0.0,
CUST_012814,1,1.0,High Risk
CUST_012815,1,1.0,High Risk
CUST_012816,1,1.0,High Risk
CUST_012817,1,1.0,High Risk
CUST_012818,1,1.0,High Risk
CUST_012820,0,0.0,
CUST_012821,1,1.0,High Risk
CUST_012822,0,0.0,
CUST_012823,0,0.02,Low Risk
CUST_012824,0,0.0,
CUST_012826,0,0.0,
CUST_012827,0,0.0,
CUST_012828,0,0.0,
CUST_012829,1,1.0,High Risk
CUST_012830,0,0.0,
CUST_012831,1,1.0,High Risk
CUST_012832,0,0.01,Low Risk
CUST_012833,1,0.99,High Risk
CUST_012834,1,1.0,High Risk
CUST_012836,0,0.0,
CUST_012837,1,1.0,High Risk
CUST_012838,0,0.0,
CUST_012839,0,0.0,
CUST_012840,1,1.0,High Risk
CUST_012841,0,0.0,
CUST_012842,0,0.0,
CUST_012843,0,0.03,Low Risk
CUST_012844,0,0.0,
CUST_012845,1,1.0,High Risk
CUST_012847,0,0.0,
CUST_012849,0,0.0,
CUST_012851,1,0.99,High Risk
CUST_012852,1,1.0,High Risk
CUST_012853,1,0.99,High Risk
CUST_012854,0,0.01,Low Risk
CUST_012855,1,1.0,High Risk
CUST_012856,0,0.0,
CUST_012857,1,1.0,High Risk
CUST_012863,0,0.0,
CUST_012864,1,0.99,High Risk
CUST_012865,0,0.0,
CUST_012866,1,1.0,High Risk
CUST_012867,0,0.0,
CUST_012868,1,0.99,High Risk
CUST_012871,0,0.0,
CUST_012872,1,0.99,High Risk
CUST_012873,1,1.0,High Risk
CUST_012875,1,0.99,High Risk
CUST_012876,0,0.0,
CUST_012877,0,0.0,
CUST_012878,1,0.99,High Risk
CUST_012879,0,0.01,Low Risk
CUST_012881,1,1.0,High Risk
CUST_012882,0,0.0,
CUST_012883,0,0.0,
CUST_012884,0,0.01,Low Risk
CUST_012885,0,0.0,
CUST_012886,0,0.0,
CUST_012888,1,1.0,High Risk
CUST_012890,0,0.0,
CUST_012891,1,1.0,High Risk
CUST_012893,0,0.0,
CUST_012895,0,0.01,Low Risk
CUST_012897,1,0.99,High Risk
CUST_012901,0,0.0,
CUST_012902,1,1.0,High Risk
CUST_012904,0,0.0,
CUST_012906,0,0.0,
CUST_012908,1,1.0,High Risk
CUST_012909,0,0.0,
CUST_012910,0,0.0,
CUST_012912,0,0.0,
CUST_012913,0,0.0,
CUST_012915,1,0.99,High Risk
CUST_012916,1,0.99,High Risk
CUST_012917,1,1.0,High Risk
CUST_012919,0,0.0,
CUST_012920,0,0.0,
CUST_012921,0,0.0,
CUST_012922,1,1.0,High Risk
CUST_012923,0,0.0,
CUST_012924,0,0.0,
CUST_012925,0,0.0,
CUST_012928,0,0.0,
CUST_012929,1,1.0,High Risk
CUST_012930,0,0.0,
CUST_012931,0,0.0,
CUST_012933,0,0.0,
CUST_012935,0,0.0,
CUST_012936,0,0.0,
CUST_012937,0,0.0,
CUST_012938,0,0.0,
CUST_012939,0,0.01,Low Risk
CUST_012940,0,0.0,
CUST_012942,1,0.99,High Risk
CUST_012944,0,0.0,
CUST_012945,1,0.99,High Risk
CUST_012947,1,1.0,High Risk
CUST_012948,0,0.0,
CUST_012949,0,0.0,
CUST_012950,0,0.0,
CUST_012951,0,0.0,
CUST_012952,0,0.0,
CUST_012953,0,0.0,
CUST_012955,0,0.0,
CUST_012956,1,1.0,High Risk
CUST_012957,0,0.0,
CUST_012962,0,0.0,
CUST_012963,0,0.0,
CUST_012965,0,0.01,Low Risk
CUST_012966,0,0.0,
CUST_012967,1,1.0,High Risk
CUST_012968,1,0.99,High Risk
CUST_012970,0,0.0,
CUST_012971,0,0.0,
CUST_012974,1,1.0,High Risk
CUST_012976,1,1.0,High Risk
CUST_012977,1,1.0,High Risk
CUST_012980,1,0.99,High Risk
CUST_012981,0,0.0,
CUST_012982,1,1.0,High Risk
CUST_012984,0,0.0,
CUST_012985,0,0.0,
CUST_012987,0,0.02,Low Risk
CUST_012988,1,0.98,High Risk
CUST_012989,0,0.0,
CUST_012990,0,0.0,
CUST_012991,0,0.0,
CUST_012993,0,0.0,
CUST_012994,0,0.0,
CUST_012995,0,0.02,Low Risk
CUST_012997,0,0.0,
CUST_012999,1,1.0,High Risk
CUST_013000,1,0.98,High Risk
CUST_013001,0,0.0,
CUST_013002,1,1.0,High Risk
CUST_013003,1,1.0,High Risk
CUST_013004,0,0.0,
CUST_013005,1,1.0,High Risk
CUST_013006,0,0.0,
CUST_013008,1,1.0,High Risk
CUST_013011,1,1.0,High Risk
CUST_013012,0,0.0,
CUST_013013,0,0.0,
CUST_013014,0,0.0,
CUST_013015,0,0.0,
CUST_013016,0,0.0,
CUST_013017,0,0.0,
CUST_013018,0,0.0,
CUST_013021,0,0.0,
CUST_013023,0,0.01,Low Risk
CUST_013026,0,0.0,
CUST_013027,1,1.0,High Risk
CUST_013028,0,0.0,
CUST_013029,0,0.0,
CUST_013030,0,0.0,
CUST_013032,0,0.0,
CUST_013033,1,1.0,High Risk
CUST_013034,0,0.0,
CUST_013035,0,0.0,
CUST_013037,1,1.0,High Risk
CUST_013038,0,0.0,
CUST_013040,0,0.0,
CUST_013043,1,1.0,High Risk
CUST_013044,1,1.0,High Risk
CUST_013045,1,1.0,High Risk
CUST_013046,0,0.0,
CUST_013047,0,0.0,
CUST_013048,0,0.0,
CUST_013049,0,0.0,
CUST_013050,0,0.0,
CUST_013052,1,1.0,High Risk
CUST_013055,0,0.01,Low Risk
CUST_013058,0,0.0,
CUST_013059,1,1.0,High Risk
CUST_013060,1,1.0,High Risk
CUST_013061,0,0.0,
CUST_013062,1,1.0,High Risk
CUST_013064,0,0.0,
CUST_013065,1,1.0,High Risk
CUST_013066,0,0.0,
CUST_013067,0,0.01,Low Risk
CUST_013068,0,0.0,
CUST_013069,0,0.0,
CUST_013070,1,1.0,High Risk
CUST_013072,1,1.0,High Risk
CUST_013075,1,1.0,High Risk
CUST_013077,0,0.0,
CUST_013078,0,0.0,
CUST_013079,0,0.0,
CUST_013080,1,1.0,High Risk
CUST_013081,0,0.0,
CUST_013082,1,0.99,High Risk
CUST_013083,0,0.0,
CUST_013085,1,1.0,High Risk
CUST_013089,0,0.0,
CUST_013090,0,0.0,
CUST_013091,0,0.0,
CUST_013092,0,0.0,
CUST_013093,1,0.99,High Risk
CUST_013094,0,0.0,
CUST_013095,0,0.0,
CUST_013097,0,0.0,
CUST_013098,0,0.0,
CUST_013099,1,0.98,High Risk
CUST_013101,1,1.0,High Risk
CUST_013102,0,0.0,
CUST_013103,0,0.0,
CUST_013104,0,0.0,
CUST_013106,1,1.0,High Risk
CUST_013107,0,0.0,
CUST_013108,1,1.0,High Risk
CUST_013109,0,0.0,
CUST_013110,0,0.0,
CUST_013113,0,0.0,
CUST_013115,0,0.0,
CUST_013116,1,1.0,High Risk
CUST_013117,0,0.0,
CUST_013118,0,0.0,
CUST_013120,1,1.0,High Risk
CUST_013121,1,1.0,High Risk
CUST_013122,1,0.98,High Risk
CUST_013124,0,0.05,Low Risk
CUST_013126,0,0.0,
CUST_013127,0,0.0,
CUST_013130,1,0.99,High Risk
CUST_013131,0,0.0,
CUST_013132,1,0.99,High Risk
CUST_013133,1,0.99,High Risk
CUST_013134,0,0.0,
CUST_013135,1,1.0,High Risk
CUST_013136,0,0.0,
CUST_013137,0,0.0,
CUST_013138,0,0.0,
CUST_013139,0,0.0,
CUST_013140,1,0.99,High Risk
CUST_013141,0,0.0,
CUST_013142,0,0.0,
CUST_013144,1,1.0,High Risk
CUST_013145,0,0.0,
CUST_013146,0,0.0,
CUST_013147,0,0.0,
CUST_013148,0,0.0,
CUST_013149,0,0.0,
CUST_013151,1,0.98,High Risk
CUST_013153,0,0.0,
CUST_013155,0,0.0,
CUST_013157,0,0.0,
CUST_013158,1,0.99,High Risk
CUST_013159,0,0.0,
CUST_013160,0,0.0,
CUST_013161,1,1.0,High Risk
CUST_013162,1,1.0,High Risk
CUST_013165,0,0.0,
CUST_013166,1,1.0,High Risk
CUST_013167,0,0.0,
CUST_013168,0,0.0,
CUST_013169,0,0.01,Low Risk
CUST_013170,0,0.0,
CUST_013171,0,0.0,
CUST_013173,0,0.0,
CUST_013174,0,0.0,
CUST_013176,0,0.0,
CUST_013177,0,0.0,
CUST_013178,0,0.0,
CUST_013182,0,0.0,
CUST_013183,0,0.0,
CUST_013184,0,0.0,
CUST_013185,1,1.0,High Risk
CUST_013186,0,0.0,
CUST_013187,1,1.0,High Risk
CUST_013188,0,0.0,
CUST_013189,0,0.0,
CUST_013192,1,0.99,High Risk
CUST_013193,0,0.0,
CUST_013194,1,1.0,High Risk
CUST_013196,0,0.0,
CUST_013198,0,0.0,
CUST_013199,0,0.0,
CUST_013200,0,0.0,
CUST_013203,0,0.0,
CUST_013207,0,0.0,
CUST_013208,0,0.01,Low Risk
CUST_013209,0,0.0,
CUST_013210,1,0.99,High Risk
CUST_013211,0,0.0,
CUST_013212,0,0.0,
CUST_013213,0,0.0,
CUST_013216,1,1.0,High Risk
CUST_013217,1,1.0,High Risk
CUST_013218,1,1.0,High Risk
CUST_013220,0,0.0,
CUST_013221,1,1.0,High Risk
CUST_013223,1,1.0,High Risk
CUST_013224,0,0.0,
CUST_013225,0,0.0,
CUST_013226,1,1.0,High Risk
CUST_013227,1,1.0,High Risk
CUST_013228,0,0.01,Low Risk
CUST_013229,1,1.0,High Risk
CUST_013230,0,0.0,
CUST_013232,0,0.0,
CUST_013233,0,0.0,
CUST_013235,1,1.0,High Risk
CUST_013236,0,0.0,
CUST_013238,0,0.0,
CUST_013239,1,1.0,High Risk
CUST_013240,1,0.99,High Risk
CUST_013242,1,0.99,High Risk
CUST_013243,1,1.0,High Risk
CUST_013244,1,0.99,High Risk
CUST_013245,0,0.0,
CUST_013246,0,0.0,
CUST_013247,0,0.0,
CUST_013248,1,1.0,High Risk
CUST_013249,1,1.0,High Risk
CUST_013253,1,1.0,High Risk
CUST_013255,0,0.0,
CUST_013258,0,0.0,
CUST_013259,0,0.02,Low Risk
CUST_013260,0,0.0,
CUST_013261,1,1.0,High Risk
CUST_013262,1,1.0,High Risk
CUST_013263,0,0.0,
CUST_013265,0,0.0,
CUST_013266,0,0.0,
CUST_013267,0,0.0,
CUST_013268,0,0.0,
CUST_013269,0,0.0,
CUST_013270,1,0.99,High Risk
CUST_013271,0,0.0,
CUST_013272,0,0.02,Low Risk
CUST_013273,1,1.0,High Risk
CUST_013276,0,0.01,Low Risk
CUST_013277,0,0.0,
CUST_013278,0,0.0,
CUST_013279,0,0.0,
CUST_013280,1,0.99,High Risk
CUST_013282,0,0.0,
CUST_013283,0,0.02,Low Risk
CUST_013284,1,1.0,High Risk
CUST_013285,0,0.0,
CUST_013291,1,1.0,High Risk
CUST_013292,0,0.0,
CUST_013294,1,0.99,High Risk
CUST_013295,1,1.0,High Risk
CUST_013296,1,1.0,High Risk
CUST_013297,0,0.0,
CUST_013298,0,0.0,
CUST_013299,1,0.99,High Risk
CUST_013300,1,1.0,High Risk
CUST_013301,1,1.0,High Risk
CUST_013302,1,1.0,High Risk
CUST_013304,1,0.99,High Risk
CUST_013305,0,0.0,
CUST_013307,1,1.0,High Risk
CUST_013308,0,0.0,
CUST_013309,0,0.0,
CUST_013310,0,0.0,
CUST_013311,0,0.0,
CUST_013313,0,0.0,
CUST_013314,0,0.0,
CUST_013316,0,0.02,Low Risk
CUST_013317,0,0.0,
CUST_013318,0,0.0,
CUST_013319,0,0.0,
CUST_013320,0,0.0,
CUST_013321,0,0.0,
CUST_013322,0,0.0,
CUST_013323,0,0.0,
CUST_013324,0,0.0,
CUST_013325,0,0.0,
CUST_013327,0,0.0,
CUST_013328,1,1.0,High Risk
CUST_013329,0,0.0,
CUST_013330,1,1.0,High Risk
CUST_013332,0,0.0,
CUST_013334,0,0.01,Low Risk
CUST_013336,0,0.0,
CUST_013338,1,0.99,High Risk
CUST_013339,1,0.99,High Risk
CUST_013340,0,0.02,Low Risk
CUST_013341,1,0.99,High Risk
CUST_013343,1,1.0,High Risk
CUST_013344,0,0.01,Low Risk
CUST_013345,1,1.0,High Risk
CUST_013347,0,0.0,
CUST_013348,0,0.0,
CUST_013349,0,0.0,
CUST_013350,0,0.0,
CUST_013351,0,0.0,
CUST_013352,0,0.0,
CUST_013354,0,0.0,
CUST_013355,1,1.0,High Risk
CUST_013356,0,0.0,
CUST_013357,1,1.0,High Risk
CUST_013358,1,1.0,High Risk
CUST_013359,0,0.0,
CUST_013362,0,0.0,
CUST_013363,0,0.0,
CUST_013364,0,0.0,
CUST_013365,0,0.0,
CUST_013366,0,0.01,Low Risk
CUST_013368,1,1.0,High Risk
CUST_013369,1,1.0,High Risk
CUST_013370,1,1.0,High Risk
CUST_013372,0,0.0,
CUST_013373,0,0.0,
CUST_013375,0,0.0,
CUST_013376,1,1.0,High Risk
CUST_013379,0,0.0,
CUST_013381,0,0.0,
CUST_013382,1,1.0,High Risk
CUST_013384,0,0.0,
CUST_013385,1,1.0,High Risk
CUST_013388,1,0.99,High Risk
CUST_013389,0,0.0,
CUST_013390,0,0.0,
CUST_013391,1,1.0,High Risk
CUST_013394,0,0.0,
CUST_013395,1,1.0,High Risk
CUST_013396,0,0.0,
CUST_013397,0,0.0,
CUST_013398,1,0.99,High Risk
CUST_013402,1,0.98,High Risk
CUST_013403,0,0.0,
CUST_013404,0,0.0,
CUST_013405,0,0.01,Low Risk
CUST_013408,0,0.0,
CUST_013410,0,0.0,
CUST_013411,1,1.0,High Risk
CUST_013414,1,1.0,High Risk
CUST_013416,0,0.0,
CUST_013417,0,0.0,
CUST_013418,0,0.0,
CUST_013419,0,0.0,
CUST_013420,1,1.0,High Risk
CUST_013421,0,0.0,
CUST_013422,0,0.0,
CUST_013425,1,1.0,High Risk
CUST_013426,0,0.0,
CUST_013427,0,0.0,
CUST_013428,0,0.0,
CUST_013429,0,0.0,
CUST_013430,0,0.0,
CUST_013431,0,0.01,Low Risk
CUST_013434,0,0.0,
CUST_013435,0,0.0,
CUST_013436,0,0.0,
CUST_013437,0,0.0,
CUST_013439,1,1.0,High Risk
CUST_013441,1,0.92,High Risk
CUST_013447,0,0.0,
CUST_013448,0,0.0,
CUST_013449,0,0.0,
CUST_013450,0,0.0,
CUST_013451,0,0.0,
CUST_013452,1,1.0,High Risk
CUST_013453,1,1.0,High Risk
CUST_013455,0,0.0,
CUST_013456,0,0.0,
CUST_013458,0,0.0,
CUST_013460,0,0.0,
CUST_013461,0,0.0,
CUST_013462,1,1.0,High Risk
CUST_013464,0,0.0,
CUST_013466,1,1.0,High Risk
CUST_013467,0,0.0,
CUST_013468,0,0.0,
CUST_013470,1,1.0,High Risk
CUST_013471,0,0.0,
CUST_013473,0,0.0,
CUST_013474,1,0.99,High Risk
CUST_013475,1,1.0,High Risk
CUST_013476,1,1.0,High Risk
CUST_013477,0,0.0,
CUST_013479,1,1.0,High Risk
CUST_013481,0,0.02,Low Risk
CUST_013482,1,1.0,High Risk
CUST_013483,0,0.0,
CUST_013484,1,1.0,High Risk
CUST_013485,1,1.0,High Risk
CUST_013486,0,0.0,
CUST_013487,0,0.0,
CUST_013488,0,0.0,
CUST_013489,1,0.98,High Risk
CUST_013491,0,0.0,
CUST_013492,1,1.0,High Risk
CUST_013493,1,1.0,High Risk
CUST_013494,1,1.0,High Risk
CUST_013495,0,0.0,
CUST_013496,0,0.0,
CUST_013497,1,1.0,High Risk
CUST_013499,0,0.0,
CUST_013500,0,0.0,
CUST_013501,1,1.0,High Risk
CUST_013502,0,0.0,
CUST_013503,0,0.0,
CUST_013504,0,0.0,
CUST_013505,0,0.01,Low Risk
CUST_013506,1,1.0,High Risk
CUST_013507,0,0.0,
CUST_013508,1,1.0,High Risk
CUST_013509,0,0.0,
CUST_013510,0,0.0,
CUST_013512,1,1.0,High Risk
CUST_013513,1,1.0,High Risk
CUST_013514,0,0.0,
CUST_013515,0,0.0,
CUST_013516,0,0.0,
CUST_013517,0,0.01,Low Risk
CUST_013518,0,0.0,
CUST_013519,0,0.01,Low Risk
CUST_013520,0,0.0,
CUST_013521,0,0.0,
CUST_013522,0,0.0,
CUST_013523,0,0.0,
CUST_013524,0,0.01,Low Risk
CUST_013525,0,0.0,
CUST_013527,0,0.0,
CUST_013529,0,0.03,Low Risk
CUST_013531,1,1.0,High Risk
CUST_013532,0,0.01,Low Risk
CUST_013533,1,1.0,High Risk
CUST_013534,0,0.0,
CUST_013536,0,0.0,
CUST_013538,0,0.0,
CUST_013539,0,0.01,Low Risk
CUST_013544,0,0.01,Low Risk
CUST_013546,0,0.0,
CUST_013548,1,1.0,High Risk
CUST_013549,0,0.0,
CUST_013551,1,1.0,High Risk
CUST_013552,0,0.0,
CUST_013555,0,0.0,
CUST_013557,0,0.0,
CUST_013558,0,0.0,
CUST_013560,0,0.0,
CUST_013561,1,0.99,High Risk
CUST_013562,0,0.0,
CUST_013563,0,0.0,
CUST_013564,1,1.0,High Risk
CUST_013565,0,0.0,
CUST_013566,0,0.0,
CUST_013568,1,1.0,High Risk
CUST_013569,0,0.0,
CUST_013570,1,1.0,High Risk
CUST_013571,0,0.0,
CUST_013572,1,1.0,High Risk
CUST_013573,0,0.0,
CUST_013575,0,0.0,
CUST_013576,0,0.0,
CUST_013577,0,0.0,
CUST_013579,0,0.0,
CUST_013581,1,1.0,High Risk
CUST_013583,1,0.99,High Risk
CUST_013584,1,1.0,High Risk
CUST_013587,0,0.0,
CUST_013588,0,0.0,
CUST_013589,0,0.0,
CUST_013590,0,0.0,
CUST_013591,0,0.0,
CUST_013592,0,0.0,
CUST_013593,1,1.0,High Risk
CUST_013594,0,0.0,
CUST_013596,0,0.0,
CUST_013598,0,0.01,Low Risk
CUST_013599,0,0.0,
CUST_013600,1,1.0,High Risk
CUST_013601,0,0.0,
CUST_013602,0,0.0,
CUST_013603,0,0.0,
CUST_013606,0,0.0,
CUST_013607,0,0.0,
CUST_013610,0,0.0,
CUST_013611,0,0.03,Low Risk
CUST_013614,0,0.0,
CUST_013615,1,0.99,High Risk
CUST_013617,0,0.0,
CUST_013618,1,1.0,High Risk
CUST_013621,1,1.0,High Risk
CUST_013623,0,0.0,
CUST_013626,1,1.0,High Risk
CUST_013627,0,0.0,
CUST_013629,0,0.0,
CUST_013630,0,0.0,
CUST_013631,1,1.0,High Risk
CUST_013632,0,0.0,
CUST_013634,0,0.0,
CUST_013635,0,0.0,
CUST_013636,0,0.0,
CUST_013637,0,0.0,
CUST_013638,0,0.0,
CUST_013639,0,0.0,
CUST_013642,1,1.0,High Risk
CUST_013643,0,0.0,
CUST_013644,0,0.0,
CUST_013645,1,1.0,High Risk
CUST_013647,0,0.0,
CUST_013649,1,1.0,High Risk
CUST_013650,0,0.0,
CUST_013651,0,0.01,Low Risk
CUST_013652,0,0.0,
CUST_013654,0,0.0,
CUST_013655,1,1.0,High Risk
CUST_013656,1,0.99,High Risk
CUST_013657,0,0.0,
CUST_013658,0,0.0,
CUST_013659,1,1.0,High Risk
CUST_013662,0,0.0,
CUST_013663,1,1.0,High Risk
CUST_013666,0,0.0,
CUST_013667,1,1.0,High Risk
CUST_013668,0,0.0,
CUST_013669,0,0.01,Low Risk
CUST_013670,0,0.0,
CUST_013672,1,0.99,High Risk
CUST_013673,0,0.0,
CUST_013675,1,0.99,High Risk
CUST_013678,1,0.99,High Risk
CUST_013680,0,0.0,
CUST_013681,0,0.0,
CUST_013682,1,1.0,High Risk
CUST_013684,1,1.0,High Risk
CUST_013685,0,0.0,
CUST_013686,1,1.0,High Risk
CUST_013689,0,0.0,
CUST_013690,0,0.0,
CUST_013692,0,0.0,
CUST_013694,0,0.0,
CUST_013695,0,0.0,
CUST_013697,0,0.0,
CUST_013699,1,1.0,High Risk
CUST_013700,0,0.0,
CUST_013703,1,1.0,High Risk
CUST_013704,0,0.0,
CUST_013705,0,0.0,
CUST_013706,1,1.0,High Risk
CUST_013707,1,1.0,High Risk
CUST_013708,1,1.0,High Risk
CUST_013709,0,0.0,
CUST_013710,0,0.0,
CUST_013711,1,1.0,High Risk
CUST_013712,1,0.99,High Risk
CUST_013715,1,1.0,High Risk
CUST_013716,1,1.0,High Risk
CUST_013717,0,0.01,Low Risk
CUST_013718,1,0.99,High Risk
CUST_013719,0,0.0,
CUST_013720,1,1.0,High Risk
CUST_013721,0,0.0,
CUST_013722,1,1.0,High Risk
CUST_013723,1,1.0,High Risk
CUST_013725,0,0.0,
CUST_013726,0,0.01,Low Risk
CUST_013727,0,0.0,
CUST_013728,0,0.0,
CUST_013730,1,0.99,High Risk
CUST_013731,1,1.0,High Risk
CUST_013732,0,0.0,
CUST_013735,0,0.0,
CUST_013736,0,0.0,
CUST_013737,1,1.0,High Risk
CUST_013739,0,0.0,
CUST_013740,1,1.0,High Risk
CUST_013741,0,0.03,Low Risk
CUST_013742,0,0.0,
CUST_013743,0,0.0,
CUST_013744,1,0.98,High Risk
CUST_013745,1,1.0,High Risk
CUST_013747,1,1.0,High Risk
CUST_013748,1,0.98,High Risk
CUST_013750,0,0.0,
CUST_013751,1,0.99,High Risk
CUST_013752,1,1.0,High Risk
CUST_013753,1,1.0,High Risk
CUST_013754,1,1.0,High Risk
CUST_013755,0,0.0,
CUST_013756,0,0.0,
CUST_013758,0,0.0,
CUST_013759,0,0.0,
CUST_013760,0,0.01,Low Risk
CUST_013761,0,0.0,
CUST_013762,1,1.0,High Risk
CUST_013763,0,0.0,
CUST_013764,0,0.0,
CUST_013767,0,0.0,
CUST_013769,0,0.0,
CUST_013771,0,0.0,
CUST_013772,0,0.0,
CUST_013774,0,0.01,Low Risk
CUST_013777,0,0.0,
CUST_013778,1,1.0,High Risk
CUST_013780,0,0.0,
CUST_013781,1,1.0,High Risk
CUST_013782,0,0.0,
CUST_013784,0,0.0,
CUST_013786,1,1.0,High Risk
CUST_013787,0,0.0,
CUST_013790,0,0.0,
CUST_013791,1,0.99,High Risk
CUST_013792,0,0.01,Low Risk
CUST_013798,0,0.0,
CUST_013799,1,1.0,High Risk
CUST_013800,1,1.0,High Risk
CUST_013801,0,0.0,
CUST_013802,1,0.99,High Risk
CUST_013803,1,1.0,High Risk
CUST_013804,0,0.0,
CUST_013805,0,0.02,Low Risk
CUST_013806,0,0.0,
CUST_013807,1,0.99,High Risk
CUST_013808,0,0.0,
CUST_013809,1,1.0,High Risk
CUST_013810,0,0.0,
CUST_013811,1,1.0,High Risk
CUST_013812,0,0.01,Low Risk
CUST_013813,0,0.0,
CUST_013814,1,1.0,High Risk
CUST_013815,0,0.0,
CUST_013816,0,0.0,
CUST_013817,0,0.0,
CUST_013819,1,1.0,High Risk
CUST_013821,1,1.0,High Risk
CUST_013822,0,0.0,
CUST_013823,0,0.0,
CUST_013824,0,0.0,
CUST_013826,1,1.0,High Risk
CUST_013827,0,0.01,Low Risk
CUST_013828,0,0.0,
CUST_013831,0,0.0,
CUST_013832,0,0.0,
CUST_013833,1,1.0,High Risk
CUST_013835,0,0.0,
CUST_013837,1,1.0,High Risk
CUST_013838,0,0.0,
CUST_013841,1,1.0,High Risk
CUST_013842,0,0.0,
CUST_013844,0,0.0,
CUST_013845,0,0.01,Low Risk
CUST_013846,0,0.0,
CUST_013848,1,0.97,High Risk
CUST_013849,0,0.0,
CUST_013850,1,0.99,High Risk
CUST_013851,1,0.99,High Risk
CUST_013853,0,0.0,
CUST_013854,0,0.0,
CUST_013856,1,1.0,High Risk
CUST_013858,0,0.0,
CUST_013859,1,1.0,High Risk
CUST_013860,0,0.0,
CUST_013862,0,0.0,
CUST_013863,1,1.0,High Risk
CUST_013865,0,0.0,
CUST_013866,0,0.0,
CUST_013867,0,0.0,
CUST_013868,0,0.0,
CUST_013869,1,0.99,High Risk
CUST_013870,0,0.0,
CUST_013871,0,0.0,
CUST_013873,1,1.0,High Risk
CUST_013874,1,1.0,High Risk
CUST_013875,0,0.0,
CUST_013876,0,0.0,
CUST_013877,0,0.01,Low Risk
CUST_013878,0,0.0,
CUST_013880,0,0.0,
CUST_013881,0,0.0,
CUST_013882,0,0.0,
CUST_013883,0,0.0,
CUST_013884,0,0.0,
CUST_013885,1,1.0,High Risk
CUST_013886,0,0.0,
CUST_013887,1,1.0,High Risk
CUST_013888,1,1.0,High Risk
CUST_013889,1,0.97,High Risk
CUST_013890,0,0.0,
CUST_013892,0,0.0,
CUST_013893,1,1.0,High Risk
CUST_013894,0,0.0,
CUST_013895,0,0.0,
CUST_013897,0,0.0,
CUST_013898,1,1.0,High Risk
CUST_013899,0,0.0,
CUST_013900,1,1.0,High Risk
CUST_013901,0,0.0,
CUST_013904,0,0.0,
CUST_013908,0,0.0,
CUST_013911,0,0.0,
CUST_013914,0,0.0,
CUST_013917,0,0.0,
CUST_013918,0,0.0,
CUST_013919,0,0.0,
CUST_013922,1,1.0,High Risk
CUST_013923,0,0.0,
CUST_013924,0,0.0,
CUST_013925,1,1.0,High Risk
CUST_013926,0,0.0,
CUST_013927,0,0.0,
CUST_013928,0,0.0,
CUST_013929,1,0.99,High Risk
CUST_013930,0,0.0,
CUST_013931,1,1.0,High Risk
CUST_013932,1,1.0,High Risk
CUST_013933,1,1.0,High Risk
CUST_013934,1,1.0,High Risk
CUST_013936,1,1.0,High Risk
CUST_013937,1,1.0,High Risk
CUST_013938,0,0.0,
CUST_013939,0,0.0,
CUST_013940,0,0.0,
CUST_013941,0,0.0,
CUST_013946,0,0.02,Low Risk
CUST_013947,0,0.01,Low Risk
CUST_013948,1,1.0,High Risk
CUST_013949,0,0.0,
CUST_013950,0,0.0,
CUST_013951,1,1.0,High Risk
CUST_013952,1,1.0,High Risk
CUST_013953,0,0.0,
CUST_013954,0,0.0,
CUST_013955,1,1.0,High Risk
CUST_013956,0,0.0,
CUST_013959,0,0.0,
CUST_013960,0,0.0,
CUST_013962,0,0.0,
CUST_013963,1,1.0,High Risk
CUST_013967,1,1.0,High Risk
CUST_013969,0,0.0,
CUST_013971,0,0.0,
CUST_013972,0,0.02,Low Risk
CUST_013973,1,1.0,High Risk
CUST_013974,0,0.0,
CUST_013975,0,0.0,
CUST_013976,1,1.0,High Risk
CUST_013978,0,0.0,
CUST_013979,0,0.0,
CUST_013980,0,0.0,
CUST_013982,0,0.0,
CUST_013983,0,0.0,
CUST_013984,0,0.0,
CUST_013985,0,0.0,
CUST_013986,0,0.0,
CUST_013988,0,0.0,
CUST_013989,0,0.0,
CUST_013990,1,1.0,High Risk
CUST_013991,0,0.0,
CUST_013992,0,0.0,
CUST_013993,0,0.01,Low Risk
CUST_013994,0,0.0,
CUST_013995,0,0.0,
CUST_013999,0,0.0,
CUST_014000,1,0.99,High Risk
CUST_014001,0,0.0,
CUST_014002,1,0.99,High Risk
CUST_014004,0,0.0,
CUST_014005,0,0.0,
CUST_014006,1,0.93,High Risk
CUST_014009,1,0.99,High Risk
CUST_014012,1,1.0,High Risk
CUST_014013,1,1.0,High Risk
CUST_014014,0,0.01,Low Risk
CUST_014015,0,0.0,
CUST_014016,1,0.99,High Risk
CUST_014019,0,0.0,
CUST_014020,0,0.0,
CUST_014021,1,1.0,High Risk
CUST_014022,1,0.99,High Risk
CUST_014023,0,0.0,
CUST_014024,1,1.0,High Risk
CUST_014027,0,0.0,
CUST_014029,0,0.01,Low Risk
CUST_014030,0,0.0,
CUST_014031,0,0.0,
CUST_014032,0,0.0,
CUST_014034,0,0.0,
CUST_014035,0,0.0,
CUST_014036,1,1.0,High Risk
CUST_014037,1,0.98,High Risk
CUST_014038,0,0.0,
CUST_014039,0,0.0,
CUST_014040,0,0.0,
CUST_014041,1,1.0,High Risk
CUST_014044,0,0.0,
CUST_014045,1,0.99,High Risk
CUST_014046,1,1.0,High Risk
CUST_014047,0,0.0,
CUST_014048,1,0.99,High Risk
CUST_014049,0,0.0,
CUST_014050,0,0.0,
CUST_014051,0,0.0,
CUST_014052,0,0.0,
CUST_014053,1,1.0,High Risk
CUST_014054,0,0.0,
CUST_014055,1,1.0,High Risk
CUST_014056,0,0.0,
CUST_014057,0,0.0,
CUST_014059,1,1.0,High Risk
CUST_014060,0,0.0,
CUST_014062,0,0.0,
CUST_014064,0,0.0,
CUST_014066,1,1.0,High Risk
CUST_014067,0,0.0,
CUST_014068,1,1.0,High Risk
CUST_014071,0,0.0,
CUST_014073,0,0.0,
CUST_014075,0,0.0,
CUST_014076,1,0.99,High Risk
CUST_014077,0,0.0,
CUST_014078,1,0.98,High Risk
CUST_014079,1,1.0,High Risk
CUST_014080,0,0.0,
CUST_014081,1,1.0,High Risk
CUST_014082,1,1.0,High Risk
CUST_014083,0,0.0,
CUST_014085,0,0.0,
CUST_014087,0,0.0,
CUST_014088,0,0.0,
CUST_014089,0,0.0,
CUST_014090,1,1.0,High Risk
CUST_014092,0,0.0,
CUST_014093,0,0.0,
CUST_014096,0,0.0,
CUST_014098,0,0.0,
CUST_014099,0,0.0,
CUST_014100,1,1.0,High Risk
CUST_014101,0,0.0,
CUST_014102,0,0.0,
CUST_014104,1,0.99,High Risk
CUST_014105,1,1.0,High Risk
CUST_014107,0,0.0,
CUST_014108,0,0.0,
CUST_014109,0,0.0,
CUST_014110,0,0.0,
CUST_014111,0,0.0,
CUST_014112,0,0.0,
CUST_014113,0,0.0,
CUST_014114,1,1.0,High Risk
CUST_014116,0,0.0,
CUST_014117,1,1.0,High Risk
CUST_014121,0,0.0,
CUST_014124,0,0.01,Low Risk
CUST_014125,0,0.0,
CUST_014126,0,0.0,
CUST_014127,1,0.99,High Risk
CUST_014128,0,0.01,Low Risk
CUST_014129,0,0.0,
CUST_014130,1,1.0,High Risk
CUST_014132,0,0.0,
CUST_014133,1,0.99,High Risk
CUST_014135,0,0.0,
CUST_014138,0,0.0,
CUST_014139,0,0.0,
CUST_014140,0,0.0,
CUST_014141,0,0.0,
CUST_014142,1,1.0,High Risk
CUST_014143,1,1.0,High Risk
CUST_014145,0,0.02,Low Risk
CUST_014146,0,0.0,
CUST_014147,0,0.01,Low Risk
CUST_014148,1,0.99,High Risk
CUST_014149,1,0.98,High Risk
CUST_014150,0,0.0,
CUST_014152,0,0.0,
CUST_014154,1,1.0,High Risk
CUST_014155,1,1.0,High Risk
CUST_014156,0,0.0,
CUST_014157,0,0.0,
CUST_014158,0,0.0,
CUST_014159,0,0.0,
CUST_014161,1,1.0,High Risk
CUST_014162,1,0.99,High Risk
CUST_014163,0,0.0,
CUST_014164,0,0.0,
CUST_014165,1,1.0,High Risk
CUST_014167,0,0.0,
CUST_014171,1,1.0,High Risk
CUST_014173,0,0.0,
CUST_014174,0,0.0,
CUST_014175,0,0.0,
CUST_014176,1,1.0,High Risk
CUST_014177,0,0.01,Low Risk
CUST_014178,0,0.0,
CUST_014179,0,0.0,
CUST_014180,0,0.0,
CUST_014184,0,0.0,
CUST_014185,1,1.0,High Risk
CUST_014188,0,0.0,
CUST_014189,0,0.0,
CUST_014191,0,0.0,
CUST_014193,0,0.02,Low Risk
CUST_014194,0,0.0,
CUST_014195,1,1.0,High Risk
CUST_014196,1,1.0,High Risk
CUST_014198,0,0.0,
CUST_014199,1,1.0,High Risk
CUST_014201,0,0.0,
CUST_014204,0,0.0,
CUST_014205,0,0.0,
CUST_014206,1,1.0,High Risk
CUST_014208,1,1.0,High Risk
CUST_014209,0,0.0,
CUST_014210,1,0.99,High Risk
CUST_014211,0,0.0,
CUST_014212,0,0.01,Low Risk
CUST_014214,0,0.0,
CUST_014215,0,0.0,
CUST_014216,0,0.0,
CUST_014217,0,0.0,
CUST_014218,0,0.0,
CUST_014219,0,0.0,
CUST_014220,1,0.99,High Risk
CUST_014221,0,0.0,
CUST_014222,1,0.99,High Risk
CUST_014223,1,0.99,High Risk
CUST_014224,1,0.98,High Risk
CUST_014226,0,0.0,
CUST_014227,0,0.0,
CUST_014229,0,0.0,
CUST_014231,1,1.0,High Risk
CUST_014232,0,0.0,
CUST_014233,0,0.01,Low Risk
CUST_014234,0,0.0,
CUST_014235,0,0.0,
CUST_014236,0,0.0,
CUST_014237,1,1.0,High Risk
CUST_014238,1,1.0,High Risk
CUST_014239,0,0.0,
CUST_014240,0,0.0,
CUST_014241,1,1.0,High Risk
CUST_014242,1,0.99,High Risk
CUST_014243,0,0.0,
CUST_014245,1,0.99,High Risk
CUST_014246,1,0.99,High Risk
CUST_014247,1,1.0,High Risk
CUST_014248,1,1.0,High Risk
CUST_014250,0,0.0,
CUST_014251,0,0.0,
CUST_014256,1,1.0,High Risk
CUST_014257,0,0.0,
CUST_014258,0,0.0,
CUST_014259,1,1.0,High Risk
CUST_014261,0,0.0,
CUST_014262,0,0.0,
CUST_014264,1,1.0,High Risk
CUST_014265,1,1.0,High Risk
CUST_014267,1,1.0,High Risk
CUST_014270,1,0.99,High Risk
CUST_014271,1,1.0,High Risk
CUST_014272,0,0.0,
CUST_014273,0,0.0,
CUST_014276,1,0.99,High Risk
CUST_014277,0,0.0,
CUST_014280,1,1.0,High Risk
CUST_014282,0,0.0,
CUST_014284,0,0.0,
CUST_014285,0,0.0,
CUST_014286,0,0.0,
CUST_014287,0,0.0,
CUST_014288,1,1.0,High Risk
CUST_014289,0,0.0,
CUST_014290,0,0.0,
CUST_014291,0,0.0,
CUST_014292,0,0.0,
CUST_014293,0,0.0,
CUST_014295,0,0.0,
CUST_014297,0,0.0,
CUST_014298,0,0.0,
CUST_014299,0,0.0,
CUST_014300,0,0.0,
CUST_014301,1,1.0,High Risk
CUST_014304,1,1.0,High Risk
CUST_014305,0,0.0,
CUST_014306,0,0.02,Low Risk
CUST_014307,0,0.01,Low Risk
CUST_014309,0,0.0,
CUST_014311,1,1.0,High Risk
CUST_014312,0,0.0,
CUST_014314,1,1.0,High Risk
CUST_014315,0,0.0,
CUST_014317,0,0.0,
CUST_014320,1,1.0,High Risk
CUST_014321,0,0.0,
CUST_014323,1,0.99,High Risk
CUST_014326,1,1.0,High Risk
CUST_014327,1,1.0,High Risk
CUST_014329,0,0.0,
CUST_014331,1,1.0,High Risk
CUST_014332,0,0.0,
CUST_014333,0,0.0,
CUST_014334,0,0.0,
CUST_014335,0,0.0,
CUST_014336,0,0.0,
CUST_014338,1,1.0,High Risk
CUST_014339,1,1.0,High Risk
CUST_014340,1,1.0,High Risk
CUST_014341,0,0.0,
CUST_014342,0,0.0,
CUST_014344,1,1.0,High Risk
CUST_014345,0,0.0,
CUST_014346,1,0.99,High Risk
CUST_014348,1,1.0,High Risk
CUST_014349,0,0.0,
CUST_014350,1,1.0,High Risk
CUST_014351,1,1.0,High Risk
CUST_014352,1,1.0,High Risk
CUST_014353,1,1.0,High Risk
CUST_014354,0,0.0,
CUST_014355,1,1.0,High Risk
CUST_014356,0,0.0,
CUST_014357,0,0.0,
CUST_014359,0,0.0,
CUST_014360,0,0.0,
CUST_014362,0,0.0,
CUST_014364,1,1.0,High Risk
CUST_014367,0,0.0,
CUST_014368,1,1.0,High Risk
CUST_014371,1,1.0,High Risk
CUST_014373,1,1.0,High Risk
CUST_014375,1,0.99,High Risk
CUST_014377,1,1.0,High Risk
CUST_014379,0,0.0,
CUST_014381,0,0.0,
CUST_014382,0,0.0,
CUST_014383,0,0.0,
CUST_014385,0,0.0,
CUST_014386,1,1.0,High Risk
CUST_014387,0,0.01,Low Risk
CUST_014388,0,0.0,
CUST_014389,0,0.0,
CUST_014390,0,0.0,
CUST_014393,1,1.0,High Risk
CUST_014395,0,0.0,
CUST_014396,0,0.0,
CUST_014397,0,0.0,
CUST_014400,1,1.0,High Risk
CUST_014401,0,0.0,
CUST_014403,1,0.99,High Risk
CUST_014404,0,0.0,
CUST_014406,1,1.0,High Risk
CUST_014407,1,1.0,High Risk
CUST_014408,0,0.0,
CUST_014409,0,0.0,
CUST_014410,1,0.99,High Risk
CUST_014411,1,1.0,High Risk
CUST_014412,0,0.0,
CUST_014413,1,1.0,High Risk
CUST_014414,1,0.98,High Risk
CUST_014415,0,0.0,
CUST_014416,0,0.0,
CUST_014418,0,0.0,
CUST_014419,0,0.0,
CUST_014420,1,1.0,High Risk
CUST_014421,0,0.0,
CUST_014422,0,0.0,
CUST_014423,1,1.0,High Risk
CUST_014424,0,0.0,
CUST_014426,0,0.0,
CUST_014427,0,0.0,
CUST_014428,0,0.0,
CUST_014431,1,1.0,High Risk
CUST_014432,0,0.0,
CUST_014434,0,0.0,
CUST_014436,1,1.0,High Risk
CUST_014437,1,1.0,High Risk
CUST_014438,1,1.0,High Risk
CUST_014439,1,1.0,High Risk
CUST_014440,0,0.0,
CUST_014441,0,0.0,
CUST_014442,1,1.0,High Risk
CUST_014443,0,0.0,
CUST_014446,0,0.0,
CUST_014447,0,0.0,
CUST_014448,0,0.0,
CUST_014449,0,0.0,
CUST_014450,1,0.99,High Risk
CUST_014451,0,0.0,
CUST_014452,0,0.0,
CUST_014453,1,1.0,High Risk
CUST_014456,0,0.0,
CUST_014457,1,1.0,High Risk
CUST_014459,1,1.0,High Risk
CUST_014460,1,1.0,High Risk
CUST_014461,1,1.0,High Risk
CUST_014462,0,0.0,
CUST_014463,1,1.0,High Risk
CUST_014465,1,1.0,High Risk
CUST_014466,0,0.0,
CUST_014467,0,0.0,
CUST_014470,0,0.0,
CUST_014472,1,0.99,High Risk
CUST_014473,0,0.0,
CUST_014474,0,0.0,
CUST_014475,0,0.0,
CUST_014476,1,1.0,High Risk
CUST_014477,0,0.0,
CUST_014479,1,0.99,High Risk
CUST_014480,0,0.0,
CUST_014481,1,1.0,High Risk
CUST_014482,0,0.0,
CUST_014483,1,1.0,High Risk
CUST_014484,0,0.0,
CUST_014485,0,0.0,
CUST_014487,0,0.0,
CUST_014488,0,0.0,
CUST_014489,1,1.0,High Risk
CUST_014491,1,0.99,High Risk
CUST_014493,0,0.0,
CUST_014494,0,0.0,
CUST_014495,0,0.04,Low Risk
CUST_014496,1,1.0,High Risk
CUST_014497,1,1.0,High Risk
CUST_014498,0,0.0,
CUST_014499,0,0.0,
CUST_014500,0,0.0,
CUST_014501,1,0.99,High Risk
CUST_014502,0,0.0,
CUST_014503,0,0.0,
CUST_014504,0,0.01,Low Risk
CUST_014505,0,0.0,
CUST_014506,0,0.0,
CUST_014507,0,0.0,
CUST_014508,0,0.0,
CUST_014511,0,0.0,
CUST_014512,1,1.0,High Risk
CUST_014513,1,0.97,High Risk
CUST_014514,0,0.0,
CUST_014515,0,0.0,
CUST_014517,0,0.02,Low Risk
CUST_014518,0,0.0,
CUST_014520,0,0.0,
CUST_014522,0,0.0,
CUST_014523,1,1.0,High Risk
CUST_014524,0,0.0,
CUST_014525,0,0.0,
CUST_014527,0,0.0,
CUST_014528,0,0.0,
CUST_014529,0,0.0,
CUST_014530,0,0.0,
CUST_014532,1,1.0,High Risk
CUST_014533,0,0.0,
CUST_014534,0,0.0,
CUST_014535,0,0.0,
CUST_014536,1,0.99,High Risk
CUST_014537,0,0.01,Low Risk
CUST_014538,0,0.04,Low Risk
CUST_014539,0,0.0,
CUST_014540,0,0.0,
CUST_014541,0,0.0,
CUST_014542,1,1.0,High Risk
CUST_014543,0,0.0,
CUST_014544,0,0.0,
CUST_014546,0,0.0,
CUST_014547,0,0.0,
CUST_014548,1,0.99,High Risk
CUST_014549,1,1.0,High Risk
CUST_014550,0,0.0,
CUST_014551,0,0.0,
CUST_014552,1,0.98,High Risk
CUST_014553,0,0.0,
CUST_014554,0,0.0,
CUST_014555,0,0.0,
CUST_014557,0,0.0,
CUST_014560,0,0.0,
CUST_014561,0,0.0,
CUST_014562,0,0.0,
CUST_014565,1,0.95,High Risk
CUST_014566,1,1.0,High Risk
CUST_014567,0,0.0,
CUST_014569,0,0.0,
CUST_014570,1,1.0,High Risk
CUST_014572,0,0.0,
CUST_014573,1,0.99,High Risk
CUST_014576,1,1.0,High Risk
CUST_014577,0,0.0,
CUST_014578,0,0.0,
CUST_014581,0,0.0,
CUST_014582,0,0.0,
CUST_014583,0,0.0,
CUST_014584,1,1.0,High Risk
CUST_014585,0,0.0,
CUST_014586,1,1.0,High Risk
CUST_014587,0,0.0,
CUST_014589,1,1.0,High Risk
CUST_014591,0,0.0,
CUST_014592,0,0.0,
CUST_014593,0,0.0,
CUST_014594,0,0.0,
CUST_014595,0,0.0,
CUST_014597,0,0.0,
CUST_014598,0,0.0,
CUST_014600,1,1.0,High Risk
CUST_014601,0,0.0,
CUST_014603,1,1.0,High Risk
CUST_014606,0,0.0,
CUST_014607,0,0.0,
CUST_014608,0,0.0,
CUST_014609,0,0.02,Low Risk
CUST_014616,1,1.0,High Risk
CUST_014618,0,0.0,
CUST_014619,1,1.0,High Risk
CUST_014620,1,1.0,High Risk
CUST_014621,0,0.0,
CUST_014622,1,1.0,High Risk
CUST_014623,0,0.01,Low Risk
CUST_014624,0,0.01,Low Risk
CUST_014625,1,1.0,High Risk
CUST_014626,0,0.0,
CUST_014628,0,0.13,Low Risk
CUST_014629,0,0.0,
CUST_014631,0,0.0,
CUST_014632,1,1.0,High Risk
CUST_014633,1,1.0,High Risk
CUST_014636,0,0.0,
CUST_014638,0,0.0,
CUST_014639,0,0.0,
CUST_014640,0,0.0,
CUST_014641,0,0.0,
CUST_014642,0,0.0,
CUST_014643,1,1.0,High Risk
CUST_014644,0,0.0,
CUST_014645,1,1.0,High Risk
CUST_014646,0,0.0,
CUST_014647,1,1.0,High Risk
CUST_014649,0,0.0,
CUST_014651,0,0.01,Low Risk
CUST_014652,0,0.02,Low Risk
CUST_014653,0,0.0,
CUST_014655,0,0.0,
CUST_014656,1,0.99,High Risk
CUST_014657,0,0.0,
CUST_014658,0,0.0,
CUST_014659,0,0.0,
CUST_014660,0,0.0,
CUST_014661,0,0.0,
CUST_014662,0,0.0,
CUST_014664,0,0.0,
CUST_014665,0,0.0,
CUST_014666,0,0.0,
CUST_014667,0,0.0,
CUST_014669,1,1.0,High Risk
CUST_014670,1,0.95,High Risk
CUST_014672,1,1.0,High Risk
CUST_014673,0,0.0,
CUST_014675,0,0.0,
CUST_014676,0,0.0,
CUST_014680,0,0.0,
CUST_014681,0,0.01,Low Risk
CUST_014682,1,0.98,High Risk
CUST_014684,0,0.0,
CUST_014687,1,1.0,High Risk
CUST_014688,0,0.0,
CUST_014689,1,1.0,High Risk
CUST_014690,0,0.01,Low Risk
CUST_014691,0,0.0,
CUST_014692,1,1.0,High Risk
CUST_014693,1,1.0,High Risk
CUST_014696,0,0.0,
CUST_014697,1,1.0,High Risk
CUST_014698,0,0.0,
CUST_014699,1,1.0,High Risk
CUST_014700,0,0.01,Low Risk
CUST_014701,0,0.0,
CUST_014702,0,0.0,
CUST_014703,0,0.0,
CUST_014704,0,0.0,
CUST_014705,1,1.0,High Risk
CUST_014708,0,0.0,
CUST_014709,0,0.0,
CUST_014710,0,0.0,
CUST_014711,0,0.0,
CUST_014712,0,0.0,
CUST_014713,0,0.0,
CUST_014714,0,0.0,
CUST_014715,0,0.0,
CUST_014716,0,0.01,Low Risk
CUST_014719,0,0.0,
CUST_014720,0,0.0,
CUST_014722,1,1.0,High Risk
CUST_014723,0,0.0,
CUST_014725,0,0.0,
CUST_014727,1,1.0,High Risk
CUST_014729,1,1.0,High Risk
CUST_014730,0,0.0,
CUST_014731,0,0.0,
CUST_014732,0,0.0,
CUST_014733,0,0.0,
CUST_014735,0,0.0,
CUST_014737,0,0.0,
CUST_014738,0,0.0,
CUST_014739,0,0.0,
CUST_014740,1,1.0,High Risk
CUST_014741,0,0.0,
CUST_014744,0,0.0,
CUST_014745,1,1.0,High Risk
CUST_014747,1,1.0,High Risk
CUST_014748,0,0.0,
CUST_014752,0,0.0,
CUST_014753,0,0.0,
CUST_014754,0,0.0,
CUST_014755,0,0.0,
CUST_014756,0,0.0,
CUST_014757,0,0.0,
CUST_014758,1,1.0,High Risk
CUST_014759,0,0.0,
CUST_014760,1,1.0,High Risk
CUST_014761,0,0.01,Low Risk
CUST_014762,1,1.0,High Risk
CUST_014764,0,0.02,Low Risk
CUST_014765,0,0.0,
CUST_014766,0,0.0,
CUST_014768,0,0.0,
CUST_014769,0,0.0,
CUST_014770,1,1.0,High Risk
CUST_014772,1,1.0,High Risk
CUST_014775,0,0.0,
CUST_014776,0,0.0,
CUST_014778,1,0.99,High Risk
CUST_014779,1,1.0,High Risk
CUST_014780,0,0.01,Low Risk
CUST_014782,1,1.0,High Risk
CUST_014784,0,0.0,
CUST_014785,0,0.0,
CUST_014788,0,0.0,
CUST_014789,0,0.0,
CUST_014790,0,0.0,
CUST_014792,0,0.03,Low Risk
CUST_014793,0,0.0,
CUST_014794,0,0.0,
CUST_014795,1,1.0,High Risk
CUST_014796,0,0.0,
CUST_014798,0,0.0,
CUST_014799,0,0.0,
CUST_014800,0,0.0,
CUST_014801,0,0.0,
CUST_014803,1,0.99,High Risk
CUST_014804,0,0.0,
CUST_014805,0,0.0,
CUST_014806,0,0.0,
CUST_014808,0,0.0,
CUST_014810,0,0.0,
CUST_014813,1,1.0,High Risk
CUST_014815,0,0.0,
CUST_014816,1,1.0,High Risk
CUST_014817,1,1.0,High Risk
CUST_014818,0,0.01,Low Risk
CUST_014819,0,0.03,Low Risk
CUST_014820,0,0.0,
CUST_014821,1,1.0,High Risk
CUST_014823,1,1.0,High Risk
CUST_014824,0,0.0,
CUST_014825,0,0.0,
CUST_014828,1,1.0,High Risk
CUST_014829,0,0.0,
CUST_014830,0,0.0,
CUST_014834,0,0.0,
CUST_014836,0,0.0,
CUST_014837,0,0.01,Low Risk
CUST_014840,1,1.0,High Risk
CUST_014841,0,0.0,
CUST_014842,0,0.0,
CUST_014844,0,0.0,
CUST_014847,1,1.0,High Risk
CUST_014849,0,0.0,
CUST_014850,1,0.99,High Risk
CUST_014851,0,0.0,
CUST_014852,0,0.0,
CUST_014853,0,0.0,
CUST_014854,0,0.0,
CUST_014855,1,1.0,High Risk
CUST_014856,0,0.0,
CUST_014857,0,0.0,
CUST_014859,0,0.0,
CUST_014860,0,0.0,
CUST_014861,0,0.0,
CUST_014862,0,0.0,
CUST_014863,0,0.0,
CUST_014865,0,0.0,
CUST_014866,0,0.0,
CUST_014867,1,0.98,High Risk
CUST_014868,0,0.0,
CUST_014869,0,0.0,
CUST_014870,1,1.0,High Risk
CUST_014871,0,0.0,
CUST_014873,1,1.0,High Risk
CUST_014875,1,1.0,High Risk
CUST_014878,0,0.0,
CUST_014880,0,0.0,
CUST_014881,0,0.0,
CUST_014882,0,0.0,
CUST_014883,0,0.0,
CUST_014885,1,0.99,High Risk
CUST_014886,1,1.0,High Risk
CUST_014887,0,0.0,
CUST_014888,1,1.0,High Risk
CUST_014889,1,1.0,High Risk
CUST_014890,1,1.0,High Risk
CUST_014891,1,0.99,High Risk
CUST_014893,0,0.0,
CUST_014894,0,0.0,
CUST_014895,0,0.0,
CUST_014896,1,0.99,High Risk
CUST_014897,0,0.0,
CUST_014898,0,0.0,
CUST_014901,0,0.0,
CUST_014902,0,0.0,
CUST_014903,0,0.0,
CUST_014904,0,0.0,
CUST_014905,1,1.0,High Risk
CUST_014907,0,0.0,
CUST_014908,0,0.0,
CUST_014910,0,0.0,
CUST_014911,0,0.0,
CUST_014912,0,0.0,
CUST_014913,0,0.0,
CUST_014915,0,0.12,Low Risk
CUST_014916,0,0.0,
CUST_014918,1,1.0,High Risk
CUST_014920,1,0.98,High Risk
CUST_014921,0,0.0,
CUST_014923,0,0.0,
CUST_014924,1,1.0,High Risk
CUST_014929,0,0.0,
CUST_014930,1,0.99,High Risk
CUST_014931,0,0.0,
CUST_014932,1,1.0,High Risk
CUST_014934,0,0.0,
CUST_014935,1,1.0,High Risk
CUST_014936,0,0.0,
CUST_014937,0,0.0,
CUST_014944,0,0.0,
CUST_014946,0,0.0,
CUST_014947,0,0.0,
CUST_014948,0,0.0,
CUST_014950,0,0.0,
CUST_014951,0,0.0,
CUST_014952,0,0.0,
CUST_014953,0,0.0,
CUST_014954,0,0.0,
CUST_014957,1,1.0,High Risk
CUST_014958,1,1.0,High Risk
CUST_014959,0,0.0,
CUST_014960,0,0.0,
CUST_014961,0,0.0,
CUST_014962,1,0.99,High Risk
CUST_014963,0,0.0,
CUST_014964,1,1.0,High Risk
CUST_014965,1,0.98,High Risk
CUST_014966,0,0.0,
CUST_014967,0,0.0,
CUST_014968,0,0.0,
CUST_014970,0,0.0,
CUST_014971,0,0.0,
CUST_014972,1,1.0,High Risk
CUST_014973,1,1.0,High Risk
CUST_014974,0,0.0,
CUST_014975,0,0.01,Low Risk
CUST_014976,0,0.01,Low Risk
CUST_014978,0,0.01,Low Risk
CUST_014981,1,1.0,High Risk
CUST_014984,0,0.0,
CUST_014985,1,0.99,High Risk
CUST_014987,0,0.0,
CUST_014988,1,1.0,High Risk
CUST_014995,0,0.0,
CUST_014997,0,0.01,Low Risk
CUST_014998,1,1.0,High Risk
CUST_015000,0,0.01,Low Risk
CUST_015002,1,0.99,High Risk
CUST_015004,1,0.98,High Risk
CUST_015005,0,0.0,
CUST_015006,0,0.01,Low Risk
CUST_015007,1,1.0,High Risk
CUST_015009,0,0.0,
CUST_015010,0,0.0,
CUST_015012,0,0.0,
CUST_015014,0,0.02,Low Risk
CUST_015016,1,1.0,High Risk
CUST_015017,0,0.0,
CUST_015018,0,0.0,
CUST_015019,1,0.99,High Risk
CUST_015021,0,0.0,
CUST_015022,0,0.0,
CUST_015023,0,0.0,
CUST_015024,0,0.0,
CUST_015025,0,0.01,Low Risk
CUST_015026,0,0.0,
CUST_015027,0,0.0,
CUST_015028,0,0.0,
CUST_015030,0,0.0,
CUST_015031,0,0.0,
CUST_015032,1,1.0,High Risk
CUST_015033,0,0.0,
CUST_015034,0,0.0,
CUST_015035,0,0.0,
CUST_015036,0,0.01,Low Risk
CUST_015038,0,0.0,
CUST_015039,0,0.0,
CUST_015041,1,0.98,High Risk
CUST_015042,1,0.99,High Risk
CUST_015043,0,0.0,
CUST_015044,0,0.0,
CUST_015045,1,0.99,High Risk
CUST_015046,0,0.0,
CUST_015047,1,1.0,High Risk
CUST_015048,0,0.0,
CUST_015049,1,1.0,High Risk
CUST_015050,0,0.0,
CUST_015051,0,0.0,
CUST_015052,1,1.0,High Risk
CUST_015053,0,0.0,
CUST_015054,0,0.0,
CUST_015057,1,1.0,High Risk
CUST_015058,0,0.0,
CUST_015059,0,0.0,
CUST_015060,0,0.0,
CUST_015061,0,0.0,
CUST_015062,0,0.0,
CUST_015063,1,1.0,High Risk
CUST_015065,0,0.0,
CUST_015066,0,0.0,
CUST_015067,0,0.0,
CUST_015068,0,0.0,
CUST_015069,1,0.99,High Risk
CUST_015070,1,1.0,High Risk
CUST_015071,1,0.99,High Risk
CUST_015073,0,0.0,
CUST_015074,1,0.99,High Risk
CUST_015075,0,0.0,
CUST_015076,1,1.0,High Risk
CUST_015078,0,0.0,
CUST_015079,1,0.99,High Risk
CUST_015081,0,0.0,
CUST_015083,1,1.0,High Risk
CUST_015087,1,0.99,High Risk
CUST_015088,0,0.0,
CUST_015089,0,0.0,
CUST_015090,1,0.99,High Risk
CUST_015091,0,0.0,
CUST_015092,1,0.99,High Risk
CUST_015093,0,0.0,
CUST_015095,1,1.0,High Risk
CUST_015096,0,0.0,
CUST_015097,0,0.0,
CUST_015098,1,1.0,High Risk
CUST_015099,0,0.0,
CUST_015100,1,1.0,High Risk
CUST_015101,0,0.0,
CUST_015103,0,0.0,
CUST_015104,1,1.0,High Risk
CUST_015105,0,0.0,
CUST_015106,0,0.0,
CUST_015107,1,1.0,High Risk
CUST_015108,1,1.0,High Risk
CUST_015109,1,1.0,High Risk
CUST_015110,0,0.0,
CUST_015111,0,0.0,
CUST_015113,0,0.0,
CUST_015114,0,0.0,
CUST_015115,0,0.0,
CUST_015116,0,0.0,
CUST_015117,0,0.0,
CUST_015118,1,1.0,High Risk
CUST_015119,1,1.0,High Risk
CUST_015120,1,0.99,High Risk
CUST_015121,0,0.0,
CUST_015122,1,1.0,High Risk
CUST_015123,0,0.0,
CUST_015124,0,0.0,
CUST_015125,0,0.0,
CUST_015127,0,0.0,
CUST_015128,0,0.0,
CUST_015129,0,0.0,
CUST_015130,1,0.99,High Risk
CUST_015132,0,0.0,
CUST_015133,1,1.0,High Risk
CUST_015134,0,0.0,
CUST_015135,1,1.0,High Risk
CUST_015136,0,0.0,
CUST_015139,1,1.0,High Risk
CUST_015140,0,0.0,
CUST_015142,0,0.0,
CUST_015143,1,1.0,High Risk
CUST_015144,0,0.0,
CUST_015145,0,0.0,
CUST_015146,1,1.0,High Risk
CUST_015147,1,1.0,High Risk
CUST_015148,0,0.0,
CUST_015149,1,1.0,High Risk
CUST_015150,0,0.0,
CUST_015152,0,0.0,
CUST_015153,0,0.0,
CUST_015154,0,0.0,
CUST_015156,0,0.0,
CUST_015157,0,0.0,
CUST_015158,0,0.01,Low Risk
CUST_015159,0,0.0,
CUST_015160,1,1.0,High Risk
CUST_015163,0,0.0,
CUST_015164,0,0.0,
CUST_015165,1,1.0,High Risk
CUST_015167,1,1.0,High Risk
CUST_015168,0,0.0,
CUST_015171,1,1.0,High Risk
CUST_015172,0,0.0,
CUST_015174,1,1.0,High Risk
CUST_015175,0,0.0,
CUST_015178,1,1.0,High Risk
CUST_015179,0,0.0,
CUST_015180,1,1.0,High Risk
CUST_015181,0,0.01,Low Risk
CUST_015182,1,1.0,High Risk
CUST_015184,0,0.0,
CUST_015185,0,0.0,
CUST_015186,0,0.0,
CUST_015187,0,0.0,
CUST_015189,0,0.0,
CUST_015192,1,0.99,High Risk
CUST_015193,0,0.0,
CUST_015194,0,0.0,
CUST_015195,0,0.0,
CUST_015197,0,0.0,
CUST_015198,1,0.97,High Risk
CUST_015199,0,0.01,Low Risk
CUST_015201,0,0.0,
CUST_015203,0,0.0,
CUST_015204,1,1.0,High Risk
CUST_015205,0,0.0,
CUST_015206,0,0.0,
CUST_015208,0,0.0,
CUST_015210,1,1.0,High Risk
CUST_015211,0,0.0,
CUST_015212,1,1.0,High Risk
CUST_015213,1,1.0,High Risk
CUST_015214,0,0.0,
CUST_015215,0,0.01,Low Risk
CUST_015216,0,0.01,Low Risk
CUST_015218,0,0.0,
CUST_015219,1,1.0,High Risk
CUST_015220,0,0.0,
CUST_015221,1,0.99,High Risk
CUST_015222,1,1.0,High Risk
CUST_015223,1,1.0,High Risk
CUST_015224,1,1.0,High Risk
CUST_015225,1,1.0,High Risk
CUST_015226,1,1.0,High Risk
CUST_015227,0,0.0,
CUST_015228,0,0.0,
CUST_015230,1,1.0,High Risk
CUST_015232,1,0.99,High Risk
CUST_015234,1,1.0,High Risk
CUST_015235,1,1.0,High Risk
CUST_015236,1,1.0,High Risk
CUST_015237,0,0.0,
CUST_015238,0,0.0,
CUST_015239,0,0.0,
CUST_015240,0,0.0,
CUST_015241,0,0.0,
CUST_015243,0,0.0,
CUST_015244,0,0.0,
CUST_015245,1,1.0,High Risk
CUST_015246,1,1.0,High Risk
CUST_015247,1,1.0,High Risk
CUST_015249,0,0.0,
CUST_015251,0,0.0,
CUST_015252,0,0.0,
CUST_015253,0,0.0,
CUST_015254,1,1.0,High Risk
CUST_015255,0,0.0,
CUST_015256,1,1.0,High Risk
CUST_015257,1,1.0,High Risk
CUST_015258,1,1.0,High Risk
CUST_015260,1,0.99,High Risk
CUST_015261,1,1.0,High Risk
CUST_015262,1,1.0,High Risk
CUST_015263,1,1.0,High Risk
CUST_015264,0,0.0,
CUST_015265,1,1.0,High Risk
CUST_015266,1,1.0,High Risk
CUST_015267,0,0.0,
CUST_015269,0,0.0,
CUST_015270,0,0.0,
CUST_015271,0,0.0,
CUST_015272,0,0.0,
CUST_015274,0,0.0,
CUST_015275,0,0.0,
CUST_015276,0,0.01,Low Risk
CUST_015277,0,0.0,
CUST_015279,1,1.0,High Risk
CUST_015280,1,1.0,High Risk
CUST_015281,0,0.0,
CUST_015286,0,0.01,Low Risk
CUST_015287,0,0.0,
CUST_015288,0,0.0,
CUST_015289,0,0.0,
CUST_015290,0,0.0,
CUST_015291,0,0.0,
CUST_015292,1,1.0,High Risk
CUST_015296,0,0.0,
CUST_015297,0,0.0,
CUST_015298,0,0.0,
CUST_015299,0,0.03,Low Risk
CUST_015300,0,0.0,
CUST_015301,0,0.0,
CUST_015303,1,1.0,High Risk
CUST_015304,0,0.0,
CUST_015306,0,0.0,
CUST_015307,1,0.99,High Risk
CUST_015308,1,0.99,High Risk
CUST_015311,0,0.0,
CUST_015312,0,0.0,
CUST_015313,1,1.0,High Risk
CUST_015314,1,1.0,High Risk
CUST_015315,0,0.0,
CUST_015316,1,1.0,High Risk
CUST_015318,0,0.0,
CUST_015319,1,1.0,High Risk
CUST_015320,0,0.0,
CUST_015321,0,0.0,
CUST_015322,0,0.0,
CUST_015325,1,0.99,High Risk
CUST_015326,1,1.0,High Risk
CUST_015327,0,0.0,
CUST_015329,0,0.0,
CUST_015330,0,0.0,
CUST_015332,1,1.0,High Risk
CUST_015333,1,1.0,High Risk
CUST_015334,1,0.99,High Risk
CUST_015335,0,0.0,
CUST_015339,0,0.01,Low Risk
CUST_015341,0,0.0,
CUST_015342,1,1.0,High Risk
CUST_015343,0,0.01,Low Risk
CUST_015344,0,0.0,
CUST_015345,0,0.0,
CUST_015346,1,1.0,High Risk
CUST_015347,1,1.0,High Risk
CUST_015348,0,0.0,
CUST_015349,1,1.0,High Risk
CUST_015350,1,1.0,High Risk
CUST_015351,0,0.0,
CUST_015353,1,1.0,High Risk
CUST_015355,0,0.0,
CUST_015356,0,0.0,
CUST_015358,0,0.0,
CUST_015360,0,0.0,
CUST_015361,1,0.99,High Risk
CUST_015363,1,1.0,High Risk
CUST_015364,1,1.0,High Risk
CUST_015365,0,0.0,
CUST_015366,0,0.0,
CUST_015367,0,0.0,
CUST_015368,0,0.0,
CUST_015370,0,0.0,
CUST_015372,1,1.0,High Risk
CUST_015373,0,0.0,
CUST_015374,1,1.0,High Risk
CUST_015376,0,0.0,
CUST_015379,1,1.0,High Risk
CUST_015380,0,0.0,
CUST_015381,1,1.0,High Risk
CUST_015382,0,0.0,
CUST_015384,1,1.0,High Risk
CUST_015385,0,0.0,
CUST_015386,1,1.0,High Risk
CUST_015388,1,1.0,High Risk
CUST_015389,1,1.0,High Risk
CUST_015392,0,0.0,
CUST_015393,0,0.0,
CUST_015394,0,0.0,
CUST_015395,1,1.0,High Risk
CUST_015396,1,1.0,High Risk
CUST_015397,1,1.0,High Risk
CUST_015398,0,0.0,
CUST_015399,0,0.0,
CUST_015400,1,0.96,High Risk
CUST_015402,1,1.0,High Risk
CUST_015405,1,1.0,High Risk
CUST_015406,0,0.0,
CUST_015407,0,0.01,Low Risk
CUST_015408,1,1.0,High Risk
CUST_015410,0,0.0,
CUST_015411,0,0.0,
CUST_015412,1,1.0,High Risk
CUST_015414,0,0.0,
CUST_015415,1,1.0,High Risk
CUST_015416,0,0.0,
CUST_015417,0,0.01,Low Risk
CUST_015419,0,0.0,
CUST_015421,0,0.0,
CUST_015422,1,1.0,High Risk
CUST_015423,0,0.0,
CUST_015424,1,1.0,High Risk
CUST_015426,0,0.0,
CUST_015427,0,0.0,
CUST_015428,0,0.0,
CUST_015429,0,0.0,
CUST_015432,0,0.0,
CUST_015433,1,0.99,High Risk
CUST_015434,0,0.0,
CUST_015435,0,0.0,
CUST_015436,0,0.0,
CUST_015437,1,1.0,High Risk
CUST_015438,1,1.0,High Risk
CUST_015440,0,0.01,Low Risk
CUST_015442,1,1.0,High Risk
CUST_015443,0,0.0,
CUST_015444,0,0.0,
CUST_015445,1,1.0,High Risk
CUST_015447,1,1.0,High Risk
CUST_015448,1,1.0,High Risk
CUST_015449,0,0.0,
CUST_015450,0,0.0,
CUST_015452,0,0.0,
CUST_015453,0,0.0,
CUST_015454,1,1.0,High Risk
CUST_015456,1,1.0,High Risk
CUST_015457,1,0.99,High Risk
CUST_015458,0,0.0,
CUST_015460,1,0.99,High Risk
CUST_015462,1,1.0,High Risk
CUST_015463,0,0.0,
CUST_015464,1,0.97,High Risk
CUST_015465,0,0.0,
CUST_015466,0,0.01,Low Risk
CUST_015467,0,0.0,
CUST_015468,0,0.01,Low Risk
CUST_015469,0,0.02,Low Risk
CUST_015471,0,0.0,
CUST_015472,1,1.0,High Risk
CUST_015473,0,0.0,
CUST_015475,0,0.0,
CUST_015478,0,0.01,Low Risk
CUST_015480,1,1.0,High Risk
CUST_015482,0,0.0,
CUST_015483,1,0.99,High Risk
CUST_015484,0,0.0,
CUST_015485,0,0.0,
CUST_015488,1,0.97,High Risk
CUST_015489,0,0.0,
CUST_015491,1,0.98,High Risk
CUST_015492,0,0.0,
CUST_015493,0,0.01,Low Risk
CUST_015494,0,0.0,
CUST_015497,0,0.0,
CUST_015498,0,0.0,
CUST_015500,0,0.0,
CUST_015502,0,0.0,
CUST_015503,1,1.0,High Risk
CUST_015504,0,0.02,Low Risk
CUST_015505,0,0.0,
CUST_015506,0,0.0,
CUST_015507,1,1.0,High Risk
CUST_015508,1,0.99,High Risk
CUST_015510,1,1.0,High Risk
CUST_015511,0,0.0,
CUST_015512,1,0.99,High Risk
CUST_015513,0,0.0,
CUST_015514,0,0.0,
CUST_015516,0,0.02,Low Risk
CUST_015517,1,1.0,High Risk
CUST_015518,0,0.0,
CUST_015520,0,0.0,
CUST_015521,0,0.0,
CUST_015522,0,0.0,
CUST_015523,0,0.0,
CUST_015524,0,0.0,
CUST_015525,0,0.0,
CUST_015526,0,0.01,Low Risk
CUST_015527,0,0.0,
CUST_015528,1,1.0,High Risk
CUST_015529,0,0.0,
CUST_015530,0,0.0,
CUST_015531,0,0.0,
CUST_015532,0,0.0,
CUST_015533,0,0.0,
CUST_015535,1,0.99,High Risk
CUST_015537,1,1.0,High Risk
CUST_015539,0,0.0,
CUST_015540,0,0.0,
CUST_015541,1,1.0,High Risk
CUST_015543,1,1.0,High Risk
CUST_015544,0,0.0,
CUST_015545,0,0.0,
CUST_015547,0,0.0,
CUST_015549,0,0.01,Low Risk
CUST_015550,0,0.0,
CUST_015551,0,0.0,
CUST_015552,1,1.0,High Risk
CUST_015553,0,0.0,
CUST_015554,1,1.0,High Risk
CUST_015555,0,0.0,
CUST_015556,0,0.0,
CUST_015557,0,0.0,
CUST_015561,0,0.0,
CUST_015562,1,1.0,High Risk
CUST_015563,0,0.0,
CUST_015565,0,0.02,Low Risk
CUST_015567,0,0.0,
CUST_015568,0,0.0,
CUST_015569,1,0.99,High Risk
CUST_015570,0,0.0,
CUST_015571,0,0.0,
CUST_015572,0,0.0,
CUST_015573,0,0.0,
CUST_015574,1,1.0,High Risk
CUST_015576,0,0.0,
CUST_015577,1,0.99,High Risk
CUST_015578,1,1.0,High Risk
CUST_015579,0,0.0,
CUST_015581,1,0.99,High Risk
CUST_015582,0,0.0,
CUST_015584,0,0.0,
CUST_015585,1,1.0,High Risk
CUST_015587,0,0.0,
CUST_015589,1,1.0,High Risk
CUST_015592,0,0.0,
CUST_015593,0,0.0,
CUST_015594,0,0.0,
CUST_015596,1,0.99,High Risk
CUST_015597,0,0.0,
CUST_015598,0,0.0,
CUST_015599,0,0.0,
CUST_015601,0,0.0,
CUST_015602,0,0.0,
CUST_015603,0,0.0,
CUST_015604,0,0.0,
CUST_015605,0,0.0,
CUST_015606,0,0.01,Low Risk
CUST_015607,1,1.0,High Risk
CUST_015608,0,0.0,
CUST_015609,1,1.0,High Risk
CUST_015610,0,0.01,Low Risk
CUST_015611,0,0.0,
CUST_015612,0,0.02,Low Risk
CUST_015615,0,0.0,
CUST_015618,0,0.0,
CUST_015619,0,0.0,
CUST_015620,0,0.0,
CUST_015621,0,0.0,
CUST_015622,0,0.01,Low Risk
CUST_015623,1,1.0,High Risk
CUST_015624,1,1.0,High Risk
CUST_015625,1,1.0,High Risk
CUST_015626,0,0.0,
CUST_015628,0,0.0,
CUST_015630,0,0.0,
CUST_015632,0,0.0,
CUST_015634,0,0.0,
CUST_015636,0,0.03,Low Risk
CUST_015637,0,0.0,
CUST_015639,1,1.0,High Risk
CUST_015640,0,0.0,
CUST_015641,1,0.99,High Risk
CUST_015643,1,1.0,High Risk
CUST_015644,1,1.0,High Risk
CUST_015645,0,0.0,
CUST_015646,1,0.99,High Risk
CUST_015648,1,1.0,High Risk
CUST_015649,1,1.0,High Risk
CUST_015651,0,0.0,
CUST_015652,0,0.1,Low Risk
CUST_015653,1,1.0,High Risk
CUST_015654,0,0.0,
CUST_015655,1,1.0,High Risk
CUST_015656,0,0.0,
CUST_015657,0,0.0,
CUST_015658,1,0.96,High Risk
CUST_015659,0,0.01,Low Risk
CUST_015660,0,0.0,
CUST_015661,1,1.0,High Risk
CUST_015663,1,1.0,High Risk
CUST_015664,0,0.0,
CUST_015665,1,1.0,High Risk
CUST_015667,0,0.0,
CUST_015668,1,1.0,High Risk
CUST_015669,0,0.0,
CUST_015670,1,1.0,High Risk
CUST_015671,0,0.0,
CUST_015673,0,0.0,
CUST_015674,0,0.0,
CUST_015675,0,0.0,
CUST_015676,0,0.0,
CUST_015677,0,0.0,
CUST_015678,0,0.0,
CUST_015679,0,0.0,
CUST_015680,0,0.0,
CUST_015681,0,0.0,
CUST_015683,1,1.0,High Risk
CUST_015687,0,0.0,
CUST_015689,1,0.97,High Risk
CUST_015690,0,0.0,
CUST_015691,1,1.0,High Risk
CUST_015692,0,0.0,
CUST_015694,0,0.0,
CUST_015695,1,1.0,High Risk
CUST_015696,0,0.0,
CUST_015699,0,0.0,
CUST_015700,1,0.99,High Risk
CUST_015701,0,0.0,
CUST_015703,1,1.0,High Risk
CUST_015704,1,1.0,High Risk
CUST_015705,1,1.0,High Risk
CUST_015706,0,0.01,Low Risk
CUST_015707,0,0.0,
CUST_015708,0,0.0,
CUST_015709,1,1.0,High Risk
CUST_015712,0,0.0,
CUST_015713,1,0.99,High Risk
CUST_015714,0,0.0,
CUST_015716,1,0.98,High Risk
CUST_015717,1,1.0,High Risk
CUST_015719,0,0.0,
CUST_015720,0,0.0,
CUST_015721,0,0.0,
CUST_015722,0,0.0,
CUST_015723,1,1.0,High Risk
CUST_015724,1,0.99,High Risk
CUST_015725,0,0.0,
CUST_015727,0,0.0,
CUST_015729,1,0.99,High Risk
CUST_015730,0,0.0,
CUST_015732,1,1.0,High Risk
CUST_015733,1,1.0,High Risk
CUST_015734,1,0.99,High Risk
CUST_015737,0,0.0,
CUST_015738,0,0.0,
CUST_015739,0,0.0,
CUST_015740,0,0.0,
CUST_015743,0,0.0,
CUST_015744,0,0.0,
CUST_015745,0,0.0,
CUST_015746,1,1.0,High Risk
CUST_015747,0,0.0,
CUST_015748,0,0.0,
CUST_015749,1,1.0,High Risk
CUST_015750,0,0.0,
CUST_015752,0,0.0,
CUST_015753,1,1.0,High Risk
CUST_015754,0,0.01,Low Risk
CUST_015755,0,0.0,
CUST_015756,0,0.01,Low Risk
CUST_015757,0,0.0,
CUST_015758,0,0.0,
CUST_015759,1,0.99,High Risk
CUST_015762,0,0.02,Low Risk
CUST_015763,0,0.0,
CUST_015764,0,0.0,
CUST_015766,0,0.0,
CUST_015768,1,1.0,High Risk
CUST_015769,0,0.0,
CUST_015773,0,0.0,
CUST_015774,0,0.0,
CUST_015775,1,1.0,High Risk
CUST_015776,1,1.0,High Risk
CUST_015777,1,1.0,High Risk
CUST_015780,1,1.0,High Risk
CUST_015781,0,0.0,
CUST_015782,0,0.0,
CUST_015783,0,0.0,
CUST_015785,0,0.0,
CUST_015786,0,0.0,
CUST_015787,0,0.0,
CUST_015789,1,1.0,High Risk
CUST_015790,0,0.0,
CUST_015791,0,0.0,
CUST_015793,0,0.0,
CUST_015795,1,0.99,High Risk
CUST_015796,0,0.0,
CUST_015797,1,0.99,High Risk
CUST_015799,0,0.0,
CUST_015800,1,1.0,High Risk
CUST_015801,0,0.0,
CUST_015802,1,0.99,High Risk
CUST_015803,0,0.0,
CUST_015804,0,0.0,
CUST_015805,0,0.0,
CUST_015806,0,0.0,
CUST_015807,0,0.0,
CUST_015808,1,1.0,High Risk
CUST_015809,0,0.0,
CUST_015810,0,0.01,Low Risk
CUST_015811,0,0.0,
CUST_015812,1,0.99,High Risk
CUST_015813,1,1.0,High Risk
CUST_015814,0,0.0,
CUST_015815,0,0.02,Low Risk
CUST_015819,0,0.0,
CUST_015820,1,1.0,High Risk
CUST_015821,0,0.01,Low Risk
CUST_015822,0,0.0,
CUST_015823,1,1.0,High Risk
CUST_015825,1,1.0,High Risk
CUST_015826,0,0.0,
CUST_015827,0,0.01,Low Risk
CUST_015829,1,1.0,High Risk
CUST_015830,0,0.0,
CUST_015831,0,0.0,
CUST_015832,1,0.97,High Risk
CUST_015834,0,0.0,
CUST_015835,0,0.0,
CUST_015836,0,0.0,
CUST_015837,0,0.0,
CUST_015838,0,0.0,
CUST_015839,0,0.0,
CUST_015840,0,0.0,
CUST_015841,0,0.01,Low Risk
CUST_015843,1,1.0,High Risk
CUST_015844,0,0.0,
CUST_015845,0,0.0,
CUST_015847,0,0.0,
CUST_015850,0,0.0,
CUST_015852,1,1.0,High Risk
CUST_015853,0,0.01,Low Risk
CUST_015854,0,0.0,
CUST_015855,1,1.0,High Risk
CUST_015856,0,0.0,
CUST_015857,0,0.0,
CUST_015858,0,0.0,
CUST_015860,0,0.0,
CUST_015861,0,0.0,
CUST_015862,0,0.0,
CUST_015863,0,0.0,
CUST_015864,0,0.0,
CUST_015865,0,0.0,
CUST_015866,1,1.0,High Risk
CUST_015867,0,0.0,
CUST_015869,1,1.0,High Risk
CUST_015870,0,0.0,
CUST_015872,0,0.0,
CUST_015874,0,0.0,
CUST_015877,0,0.0,
CUST_015880,1,0.97,High Risk
CUST_015881,1,1.0,High Risk
CUST_015882,1,1.0,High Risk
CUST_015883,0,0.0,
CUST_015885,1,0.99,High Risk
CUST_015886,0,0.0,
CUST_015888,0,0.0,
CUST_015889,1,0.99,High Risk
CUST_015891,1,1.0,High Risk
CUST_015894,1,0.99,High Risk
CUST_015895,1,1.0,High Risk
CUST_015897,1,0.99,High Risk
CUST_015898,0,0.0,
CUST_015899,1,1.0,High Risk
CUST_015900,0,0.0,
CUST_015901,0,0.0,
CUST_015903,0,0.0,
CUST_015904,0,0.0,
CUST_015906,0,0.0,
CUST_015907,0,0.0,
CUST_015909,1,1.0,High Risk
CUST_015910,0,0.0,
CUST_015912,1,1.0,High Risk
CUST_015916,0,0.0,
CUST_015917,1,1.0,High Risk
CUST_015918,1,1.0,High Risk
CUST_015919,0,0.0,
CUST_015920,1,0.99,High Risk
CUST_015921,1,1.0,High Risk
CUST_015922,1,0.99,High Risk
CUST_015923,1,1.0,High Risk
CUST_015925,1,1.0,High Risk
CUST_015930,0,0.0,
CUST_015932,0,0.0,
CUST_015933,0,0.0,
CUST_015935,1,1.0,High Risk
CUST_015937,0,0.0,
CUST_015938,1,0.99,High Risk
CUST_015939,0,0.04,Low Risk
CUST_015940,1,1.0,High Risk
CUST_015942,1,0.99,High Risk
CUST_015944,1,1.0,High Risk
CUST_015945,1,1.0,High Risk
CUST_015947,0,0.01,Low Risk
CUST_015948,0,0.0,
CUST_015949,0,0.0,
CUST_015950,0,0.0,
CUST_015951,0,0.0,
CUST_015952,0,0.0,
CUST_015953,0,0.0,
CUST_015955,0,0.0,
CUST_015957,0,0.0,
CUST_015958,0,0.0,
CUST_015963,0,0.0,
CUST_015965,0,0.0,
CUST_015967,0,0.0,
CUST_015969,0,0.0,
CUST_015970,1,1.0,High Risk
CUST_015971,0,0.0,
CUST_015973,1,1.0,High Risk
CUST_015974,0,0.0,
CUST_015975,0,0.01,Low Risk
CUST_015976,1,0.99,High Risk
CUST_015977,0,0.0,
CUST_015978,0,0.0,
CUST_015980,0,0.0,
CUST_015981,0,0.0,
CUST_015983,0,0.0,
CUST_015984,0,0.0,
CUST_015985,1,1.0,High Risk
CUST_015986,0,0.0,
CUST_015987,0,0.0,
CUST_015988,0,0.0,
CUST_015990,0,0.0,
CUST_015992,0,0.0,
CUST_015993,0,0.0,
CUST_015994,0,0.0,
CUST_015996,0,0.02,Low Risk
CUST_015998,0,0.0,
CUST_016000,0,0.0,
CUST_016003,0,0.0,
CUST_016005,0,0.0,
CUST_016006,1,1.0,High Risk
CUST_016007,0,0.0,
CUST_016008,0,0.0,
CUST_016009,0,0.0,
CUST_016010,1,1.0,High Risk
CUST_016011,0,0.0,
CUST_016012,0,0.01,Low Risk
CUST_016013,0,0.0,
CUST_016014,0,0.02,Low Risk
CUST_016015,0,0.0,
CUST_016016,0,0.0,
CUST_016017,0,0.01,Low Risk
CUST_016018,0,0.01,Low Risk
CUST_016019,0,0.0,
CUST_016020,0,0.0,
CUST_016022,1,1.0,High Risk
CUST_016023,0,0.0,
CUST_016024,0,0.0,
CUST_016025,0,0.0,
CUST_016026,0,0.0,
CUST_016027,1,0.99,High Risk
CUST_016029,0,0.03,Low Risk
CUST_016030,1,1.0,High Risk
CUST_016031,1,1.0,High Risk
CUST_016033,0,0.0,
CUST_016034,1,1.0,High Risk
CUST_016036,0,0.0,
CUST_016037,1,1.0,High Risk
CUST_016038,0,0.0,
CUST_016040,0,0.01,Low Risk
CUST_016041,0,0.0,
CUST_016042,0,0.0,
CUST_016043,0,0.0,
CUST_016045,1,1.0,High Risk
CUST_016048,1,1.0,High Risk
CUST_016049,0,0.0,
CUST_016050,1,1.0,High Risk
CUST_016052,0,0.0,
CUST_016053,0,0.0,
CUST_016054,1,1.0,High Risk
CUST_016055,1,1.0,High Risk
CUST_016056,0,0.0,
CUST_016057,0,0.0,
CUST_016059,0,0.0,
CUST_016062,0,0.0,
CUST_016063,1,1.0,High Risk
CUST_016065,1,1.0,High Risk
CUST_016066,0,0.0,
CUST_016070,0,0.0,
CUST_016071,0,0.0,
CUST_016072,1,1.0,High Risk
CUST_016073,1,1.0,High Risk
CUST_016076,0,0.0,
CUST_016078,1,1.0,High Risk
CUST_016079,0,0.0,
CUST_016080,0,0.01,Low Risk
CUST_016081,0,0.0,
CUST_016083,1,0.98,High Risk
CUST_016084,1,1.0,High Risk
CUST_016085,0,0.0,
CUST_016086,0,0.0,
CUST_016091,1,1.0,High Risk
CUST_016092,1,0.99,High Risk
CUST_016093,1,1.0,High Risk
CUST_016094,0,0.0,
CUST_016096,1,1.0,High Risk
CUST_016097,1,1.0,High Risk
CUST_016098,0,0.04,Low Risk
CUST_016099,0,0.01,Low Risk
CUST_016101,0,0.0,
CUST_016102,0,0.01,Low Risk
CUST_016103,0,0.0,
CUST_016104,0,0.0,
CUST_016105,1,0.99,High Risk
CUST_016106,0,0.0,
CUST_016107,0,0.0,
CUST_016108,0,0.0,
CUST_016109,1,1.0,High Risk
CUST_016110,0,0.0,
CUST_016112,1,0.97,High Risk
CUST_016113,1,1.0,High Risk
CUST_016114,1,1.0,High Risk
CUST_016115,0,0.0,
CUST_016116,1,1.0,High Risk
CUST_016117,1,1.0,High Risk
CUST_016119,0,0.0,
CUST_016120,0,0.0,
CUST_016121,0,0.01,Low Risk
CUST_016122,0,0.01,Low Risk
CUST_016123,0,0.0,
CUST_016124,1,1.0,High Risk
CUST_016125,1,1.0,High Risk
CUST_016126,0,0.0,
CUST_016127,0,0.0,
CUST_016128,0,0.0,
CUST_016131,0,0.0,
CUST_016133,0,0.0,
CUST_016134,0,0.0,
CUST_016135,1,0.96,High Risk
CUST_016136,0,0.01,Low Risk
CUST_016139,0,0.0,
CUST_016140,0,0.02,Low Risk
CUST_016141,0,0.01,Low Risk
CUST_016142,1,1.0,High Risk
CUST_016143,0,0.0,
CUST_016144,1,1.0,High Risk
CUST_016145,0,0.0,
CUST_016146,1,1.0,High Risk
CUST_016147,1,1.0,High Risk
CUST_016148,1,1.0,High Risk
CUST_016149,0,0.0,
CUST_016150,0,0.0,
CUST_016152,1,1.0,High Risk
CUST_016153,0,0.0,
CUST_016156,0,0.0,
CUST_016157,0,0.0,
CUST_016159,1,1.0,High Risk
CUST_016160,0,0.02,Low Risk
CUST_016161,0,0.0,
CUST_016162,1,1.0,High Risk
CUST_016163,1,1.0,High Risk
CUST_016164,0,0.0,
CUST_016168,0,0.0,
CUST_016169,0,0.0,
CUST_016170,0,0.0,
CUST_016171,0,0.02,Low Risk
CUST_016172,1,0.99,High Risk
CUST_016173,0,0.0,
CUST_016174,1,1.0,High Risk
CUST_016175,1,0.99,High Risk
CUST_016177,0,0.0,
CUST_016178,1,1.0,High Risk
CUST_016179,0,0.0,
CUST_016180,1,0.99,High Risk
CUST_016181,0,0.01,Low Risk
CUST_016182,0,0.01,Low Risk
CUST_016183,0,0.0,
CUST_016184,0,0.0,
CUST_016185,0,0.0,
CUST_016186,0,0.0,
CUST_016187,0,0.0,
CUST_016188,0,0.0,
CUST_016189,0,0.0,
CUST_016190,0,0.0,
CUST_016191,0,0.0,
CUST_016193,1,1.0,High Risk
CUST_016198,0,0.0,
CUST_016200,0,0.0,
CUST_016201,0,0.0,
CUST_016202,1,1.0,High Risk
CUST_016203,0,0.0,
CUST_016204,0,0.0,
CUST_016205,0,0.0,
CUST_016206,0,0.01,Low Risk
CUST_016207,0,0.0,
CUST_016208,0,0.0,
CUST_016209,0,0.02,Low Risk
CUST_016210,0,0.0,
CUST_016211,0,0.02,Low Risk
CUST_016212,0,0.0,
CUST_016213,0,0.0,
CUST_016214,1,1.0,High Risk
CUST_016215,0,0.01,Low Risk
CUST_016216,1,1.0,High Risk
CUST_016217,1,1.0,High Risk
CUST_016218,0,0.0,
CUST_016221,0,0.0,
CUST_016222,1,0.96,High Risk
CUST_016224,0,0.0,
CUST_016225,0,0.01,Low Risk
CUST_016226,1,1.0,High Risk
CUST_016227,1,1.0,High Risk
CUST_016229,0,0.0,
CUST_016230,1,1.0,High Risk
CUST_016232,0,0.0,
CUST_016233,0,0.0,
CUST_016235,0,0.0,
CUST_016236,0,0.0,
CUST_016239,0,0.01,Low Risk
CUST_016240,0,0.0,
CUST_016241,0,0.0,
CUST_016242,0,0.0,
CUST_016243,0,0.0,
CUST_016244,1,0.99,High Risk
CUST_016245,0,0.0,
CUST_016247,1,1.0,High Risk
CUST_016248,0,0.0,
CUST_016249,0,0.0,
CUST_016250,1,0.98,High Risk
CUST_016253,0,0.0,
CUST_016255,0,0.0,
CUST_016256,1,1.0,High Risk
CUST_016257,1,1.0,High Risk
CUST_016258,0,0.0,
CUST_016260,0,0.0,
CUST_016261,0,0.0,
CUST_016265,0,0.0,
CUST_016266,0,0.01,Low Risk
CUST_016268,0,0.0,
CUST_016270,1,1.0,High Risk
CUST_016271,0,0.0,
CUST_016272,1,1.0,High Risk
CUST_016274,1,1.0,High Risk
CUST_016275,1,1.0,High Risk
CUST_016276,1,0.99,High Risk
CUST_016278,1,1.0,High Risk
CUST_016279,0,0.0,
CUST_016281,0,0.0,
CUST_016282,1,1.0,High Risk
CUST_016283,0,0.0,
CUST_016284,0,0.0,
CUST_016287,1,1.0,High Risk
CUST_016292,1,1.0,High Risk
CUST_016293,0,0.0,
CUST_016295,0,0.0,
CUST_016297,1,1.0,High Risk
CUST_016298,0,0.0,
CUST_016302,1,1.0,High Risk
CUST_016303,0,0.0,
CUST_016305,1,1.0,High Risk
CUST_016306,1,1.0,High Risk
CUST_016308,0,0.05,Low Risk
CUST_016309,1,1.0,High Risk
CUST_016311,0,0.0,
CUST_016313,0,0.0,
CUST_016315,1,1.0,High Risk
CUST_016316,0,0.0,
CUST_016317,1,1.0,High Risk
CUST_016318,0,0.0,
CUST_016319,1,1.0,High Risk
CUST_016320,1,1.0,High Risk
CUST_016321,0,0.0,
CUST_016322,0,0.0,
CUST_016323,1,1.0,High Risk
CUST_016324,1,0.99,High Risk
CUST_016325,0,0.0,
CUST_016326,0,0.0,
CUST_016327,0,0.0,
CUST_016330,0,0.0,
CUST_016332,0,0.0,
CUST_016333,0,0.0,
CUST_016337,0,0.0,
CUST_016338,1,1.0,High Risk
CUST_016339,1,1.0,High Risk
CUST_016340,1,0.95,High Risk
CUST_016341,0,0.0,
CUST_016342,0,0.02,Low Risk
CUST_016343,0,0.0,
CUST_016344,1,1.0,High Risk
CUST_016345,0,0.0,
CUST_016347,0,0.0,
CUST_016348,0,0.0,
CUST_016349,1,0.99,High Risk
CUST_016350,0,0.0,
CUST_016351,1,1.0,High Risk
CUST_016352,0,0.0,
CUST_016353,0,0.0,
CUST_016354,0,0.01,Low Risk
CUST_016356,1,1.0,High Risk
CUST_016357,0,0.0,
CUST_016358,0,0.0,
CUST_016359,0,0.0,
CUST_016360,0,0.0,
CUST_016361,0,0.0,
CUST_016362,0,0.0,
CUST_016363,0,0.0,
CUST_016364,0,0.0,
CUST_016365,0,0.0,
CUST_016366,0,0.0,
CUST_016367,0,0.0,
CUST_016368,0,0.0,
CUST_016369,0,0.0,
CUST_016370,0,0.0,
CUST_016372,0,0.01,Low Risk
CUST_016374,0,0.04,Low Risk
CUST_016376,0,0.0,
CUST_016377,1,1.0,High Risk
CUST_016378,1,1.0,High Risk
CUST_016379,0,0.0,
CUST_016380,0,0.0,
CUST_016383,0,0.01,Low Risk
CUST_016384,0,0.04,Low Risk
CUST_016385,0,0.0,
CUST_016386,0,0.0,
CUST_016387,1,1.0,High Risk
CUST_016389,0,0.0,
CUST_016392,1,1.0,High Risk
CUST_016393,0,0.0,
CUST_016394,0,0.0,
CUST_016395,0,0.0,
CUST_016398,1,1.0,High Risk
CUST_016399,0,0.0,
CUST_016400,1,0.98,High Risk
CUST_016401,0,0.0,
CUST_016402,1,1.0,High Risk
CUST_016403,1,1.0,High Risk
CUST_016404,0,0.0,
CUST_016405,1,1.0,High Risk
CUST_016406,0,0.0,
CUST_016407,0,0.0,
CUST_016409,0,0.0,
CUST_016411,0,0.0,
CUST_016412,0,0.0,
CUST_016413,0,0.0,
CUST_016414,0,0.0,
CUST_016415,0,0.0,
CUST_016416,0,0.0,
CUST_016418,0,0.02,Low Risk
CUST_016419,1,1.0,High Risk
CUST_016422,0,0.0,
CUST_016423,0,0.0,
CUST_016424,1,0.99,High Risk
CUST_016425,1,0.98,High Risk
CUST_016426,0,0.0,
CUST_016427,1,1.0,High Risk
CUST_016429,1,0.99,High Risk
CUST_016430,0,0.01,Low Risk
CUST_016431,1,1.0,High Risk
CUST_016432,0,0.02,Low Risk
CUST_016433,0,0.0,
CUST_016434,0,0.0,
CUST_016438,0,0.0,
CUST_016440,0,0.0,
CUST_016441,0,0.01,Low Risk
CUST_016442,0,0.0,
CUST_016444,0,0.01,Low Risk
CUST_016445,0,0.02,Low Risk
CUST_016446,0,0.0,
CUST_016447,1,1.0,High Risk
CUST_016448,1,1.0,High Risk
CUST_016449,1,1.0,High Risk
CUST_016450,1,1.0,High Risk
CUST_016451,0,0.0,
CUST_016454,0,0.02,Low Risk
CUST_016455,0,0.0,
CUST_016456,1,0.98,High Risk
CUST_016457,1,1.0,High Risk
CUST_016458,0,0.0,
CUST_016460,0,0.0,
CUST_016461,1,1.0,High Risk
CUST_016462,0,0.0,
CUST_016463,0,0.0,
CUST_016464,0,0.0,
CUST_016466,0,0.0,
CUST_016468,0,0.0,
CUST_016469,0,0.0,
CUST_016470,0,0.01,Low Risk
CUST_016471,1,1.0,High Risk
CUST_016473,1,1.0,High Risk
CUST_016474,0,0.0,
CUST_016475,0,0.02,Low Risk
CUST_016477,0,0.0,
CUST_016478,0,0.0,
CUST_016479,0,0.0,
CUST_016480,0,0.0,
CUST_016482,0,0.0,
CUST_016483,1,1.0,High Risk
CUST_016484,1,1.0,High Risk
CUST_016485,0,0.0,
CUST_016488,0,0.0,
CUST_016491,0,0.0,
CUST_016493,0,0.0,
CUST_016494,1,1.0,High Risk
CUST_016495,0,0.0,
CUST_016496,0,0.0,
CUST_016497,0,0.0,
CUST_016498,1,1.0,High Risk
CUST_016499,1,1.0,High Risk
CUST_016500,0,0.0,
CUST_016503,1,1.0,High Risk
CUST_016504,0,0.0,
CUST_016505,0,0.01,Low Risk
CUST_016506,0,0.0,
CUST_016509,1,1.0,High Risk
CUST_016510,1,1.0,High Risk
CUST_016511,0,0.0,
CUST_016513,0,0.0,
CUST_016515,0,0.0,
CUST_016516,0,0.0,
CUST_016517,1,1.0,High Risk
CUST_016518,0,0.0,
CUST_016519,0,0.0,
CUST_016520,1,1.0,High Risk
CUST_016523,0,0.0,
CUST_016525,0,0.0,
CUST_016526,1,1.0,High Risk
CUST_016527,0,0.0,
CUST_016528,0,0.0,
CUST_016529,1,0.99,High Risk
CUST_016531,0,0.0,
CUST_016532,0,0.0,
CUST_016533,0,0.0,
CUST_016535,0,0.0,
CUST_016536,1,1.0,High Risk
CUST_016539,0,0.0,
CUST_016542,0,0.0,
CUST_016545,1,1.0,High Risk
CUST_016546,1,1.0,High Risk
CUST_016549,0,0.0,
CUST_016550,1,0.99,High Risk
CUST_016551,1,0.99,High Risk
CUST_016552,1,1.0,High Risk
CUST_016553,1,1.0,High Risk
CUST_016554,0,0.0,
CUST_016555,0,0.04,Low Risk
CUST_016556,0,0.0,
CUST_016557,0,0.0,
CUST_016558,0,0.0,
CUST_016560,0,0.0,
CUST_016561,0,0.0,
CUST_016563,0,0.0,
CUST_016565,1,1.0,High Risk
CUST_016566,0,0.0,
CUST_016567,1,0.99,High Risk
CUST_016569,0,0.0,
CUST_016570,0,0.0,
CUST_016571,0,0.0,
CUST_016572,1,0.99,High Risk
CUST_016573,0,0.02,Low Risk
CUST_016574,0,0.01,Low Risk
CUST_016581,1,1.0,High Risk
CUST_016582,1,1.0,High Risk
CUST_016583,1,0.99,High Risk
CUST_016584,0,0.0,
CUST_016586,1,1.0,High Risk
CUST_016587,1,1.0,High Risk
CUST_016589,0,0.01,Low Risk
CUST_016591,0,0.0,
CUST_016592,0,0.0,
CUST_016593,0,0.0,
CUST_016594,0,0.01,Low Risk
CUST_016595,0,0.0,
CUST_016596,0,0.0,
CUST_016597,0,0.0,
CUST_016598,1,1.0,High Risk
CUST_016600,0,0.0,
CUST_016601,0,0.0,
CUST_016602,0,0.0,
CUST_016603,0,0.0,
CUST_016607,0,0.0,
CUST_016609,0,0.0,
CUST_016610,1,1.0,High Risk
CUST_016611,1,1.0,High Risk
CUST_016612,0,0.0,
CUST_016613,0,0.0,
CUST_016614,1,1.0,High Risk
CUST_016616,0,0.0,
CUST_016617,1,1.0,High Risk
CUST_016618,0,0.0,
CUST_016619,1,1.0,High Risk
CUST_016620,0,0.0,
CUST_016621,0,0.0,
CUST_016623,1,1.0,High Risk
CUST_016624,0,0.0,
CUST_016625,1,1.0,High Risk
CUST_016626,0,0.0,
CUST_016627,0,0.0,
CUST_016628,0,0.0,
CUST_016629,0,0.0,
CUST_016633,0,0.0,
CUST_016634,1,0.97,High Risk
CUST_016637,0,0.0,
CUST_016638,0,0.0,
CUST_016639,0,0.0,
CUST_016641,1,1.0,High Risk
CUST_016642,0,0.0,
CUST_016643,1,1.0,High Risk
CUST_016644,1,0.99,High Risk
CUST_016647,1,1.0,High Risk
CUST_016648,0,0.0,
CUST_016650,0,0.0,
CUST_016652,0,0.0,
CUST_016653,0,0.0,
CUST_016654,1,0.98,High Risk
CUST_016655,0,0.0,
CUST_016656,0,0.0,
CUST_016657,0,0.0,
CUST_016658,1,1.0,High Risk
CUST_016659,1,1.0,High Risk
CUST_016660,0,0.0,
CUST_016665,1,1.0,High Risk
CUST_016666,0,0.0,
CUST_016667,0,0.01,Low Risk
CUST_016668,0,0.0,
CUST_016669,0,0.0,
CUST_016670,0,0.0,
CUST_016671,0,0.0,
CUST_016672,0,0.0,
CUST_016674,0,0.01,Low Risk
CUST_016676,0,0.0,
CUST_016678,0,0.0,
CUST_016679,1,1.0,High Risk
CUST_016680,0,0.0,
CUST_016681,0,0.0,
CUST_016682,0,0.0,
CUST_016684,0,0.0,
CUST_016685,0,0.0,
CUST_016686,0,0.0,
CUST_016688,0,0.0,
CUST_016689,0,0.0,
CUST_016690,0,0.01,Low Risk
CUST_016692,1,1.0,High Risk
CUST_016693,0,0.0,
CUST_016696,1,1.0,High Risk
CUST_016697,1,1.0,High Risk
CUST_016698,1,1.0,High Risk
CUST_016700,0,0.0,
CUST_016701,0,0.0,
CUST_016705,0,0.0,
CUST_016706,0,0.0,
CUST_016708,0,0.0,
CUST_016709,0,0.01,Low Risk
CUST_016710,0,0.0,
CUST_016711,0,0.0,
CUST_016712,0,0.0,
CUST_016713,0,0.0,
CUST_016714,1,1.0,High Risk
CUST_016715,0,0.0,
CUST_016716,1,1.0,High Risk
CUST_016717,0,0.0,
CUST_016718,1,1.0,High Risk
CUST_016719,0,0.0,
CUST_016720,0,0.0,
CUST_016721,1,1.0,High Risk
CUST_016722,0,0.0,
CUST_016723,0,0.4,Medium Risk
CUST_016725,1,1.0,High Risk
CUST_016726,0,0.0,
CUST_016727,1,1.0,High Risk
CUST_016728,0,0.02,Low Risk
CUST_016729,0,0.0,
CUST_016730,0,0.0,
CUST_016732,0,0.0,
CUST_016734,0,0.0,
CUST_016735,0,0.0,
CUST_016737,0,0.01,Low Risk
CUST_016738,1,0.99,High Risk
CUST_016739,1,1.0,High Risk
CUST_016742,0,0.02,Low Risk
CUST_016743,0,0.0,
CUST_016744,0,0.0,
CUST_016745,0,0.0,
CUST_016746,0,0.0,
CUST_016747,0,0.01,Low Risk
CUST_016748,0,0.0,
CUST_016750,0,0.01,Low Risk
CUST_016751,0,0.0,
CUST_016752,1,1.0,High Risk
CUST_016753,0,0.0,
CUST_016754,1,1.0,High Risk
CUST_016755,1,1.0,High Risk
CUST_016756,1,1.0,High Risk
CUST_016757,1,1.0,High Risk
CUST_016758,0,0.0,
CUST_016759,0,0.0,
CUST_016761,1,1.0,High Risk
CUST_016762,0,0.0,
CUST_016763,1,1.0,High Risk
CUST_016764,0,0.0,
CUST_016765,1,1.0,High Risk
CUST_016766,1,1.0,High Risk
CUST_016767,0,0.0,
CUST_016768,0,0.0,
CUST_016769,1,1.0,High Risk
CUST_016770,0,0.0,
CUST_016771,0,0.0,
CUST_016773,0,0.0,
CUST_016774,0,0.0,
CUST_016775,0,0.0,
CUST_016776,0,0.0,
CUST_016777,0,0.0,
CUST_016778,0,0.01,Low Risk
CUST_016779,0,0.0,
CUST_016780,1,1.0,High Risk
CUST_016781,1,1.0,High Risk
CUST_016782,0,0.0,
CUST_016784,0,0.0,
CUST_016788,1,1.0,High Risk
CUST_016789,0,0.0,
CUST_016790,0,0.0,
CUST_016791,0,0.0,
CUST_016792,1,1.0,High Risk
CUST_016793,0,0.0,
CUST_016794,0,0.0,
CUST_016795,1,1.0,High Risk
CUST_016796,0,0.0,
CUST_016800,0,0.0,
CUST_016801,1,1.0,High Risk
CUST_016803,0,0.01,Low Risk
CUST_016804,0,0.0,
CUST_016805,1,1.0,High Risk
CUST_016806,1,1.0,High Risk
CUST_016807,1,1.0,High Risk
CUST_016808,1,0.97,High Risk
CUST_016809,0,0.0,
CUST_016810,1,1.0,High Risk
CUST_016811,0,0.0,
CUST_016812,1,0.98,High Risk
CUST_016813,0,0.0,
CUST_016814,0,0.0,
CUST_016816,1,0.95,High Risk
CUST_016817,0,0.0,
CUST_016818,0,0.0,
CUST_016820,1,0.99,High Risk
CUST_016823,1,1.0,High Risk
CUST_016824,0,0.0,
CUST_016825,0,0.0,
CUST_016826,0,0.0,
CUST_016828,1,0.99,High Risk
CUST_016829,1,1.0,High Risk
CUST_016830,0,0.0,
CUST_016832,1,1.0,High Risk
CUST_016833,0,0.0,
CUST_016834,1,1.0,High Risk
CUST_016835,1,0.95,High Risk
CUST_016836,0,0.02,Low Risk
CUST_016837,0,0.0,
CUST_016838,1,1.0,High Risk
CUST_016839,0,0.0,
CUST_016841,0,0.0,
CUST_016842,1,1.0,High Risk
CUST_016843,0,0.0,
CUST_016846,0,0.0,
CUST_016847,0,0.0,
CUST_016848,0,0.0,
CUST_016849,1,1.0,High Risk
CUST_016850,1,1.0,High Risk
CUST_016851,0,0.0,
CUST_016852,0,0.0,
CUST_016855,0,0.0,
CUST_016856,0,0.0,
CUST_016858,1,1.0,High Risk
CUST_016859,1,1.0,High Risk
CUST_016861,0,0.01,Low Risk
CUST_016863,0,0.0,
CUST_016866,1,0.99,High Risk
CUST_016869,0,0.0,
CUST_016871,0,0.0,
CUST_016872,0,0.01,Low Risk
CUST_016873,0,0.0,
CUST_016875,0,0.0,
CUST_016877,0,0.0,
CUST_016878,0,0.0,
CUST_016880,0,0.0,
CUST_016881,0,0.02,Low Risk
CUST_016882,0,0.01,Low Risk
CUST_016883,1,1.0,High Risk
CUST_016884,0,0.0,
CUST_016885,0,0.0,
CUST_016887,0,0.0,
CUST_016889,1,1.0,High Risk
CUST_016891,0,0.0,
CUST_016892,0,0.0,
CUST_016893,1,1.0,High Risk
CUST_016895,0,0.01,Low Risk
CUST_016897,1,1.0,High Risk
CUST_016898,0,0.0,
CUST_016899,0,0.0,
CUST_016900,0,0.0,
CUST_016902,1,1.0,High Risk
CUST_016903,0,0.0,
CUST_016904,0,0.0,
CUST_016905,0,0.0,
CUST_016906,0,0.03,Low Risk
CUST_016907,0,0.0,
CUST_016909,0,0.0,
CUST_016910,0,0.0,
CUST_016912,0,0.0,
CUST_016913,1,1.0,High Risk
CUST_016914,0,0.01,Low Risk
CUST_016915,0,0.0,
CUST_016916,0,0.0,
CUST_016917,1,1.0,High Risk
CUST_016918,0,0.0,
CUST_016919,1,0.99,High Risk
CUST_016921,0,0.0,
CUST_016923,0,0.0,
CUST_016924,0,0.0,
CUST_016926,1,1.0,High Risk
CUST_016927,1,0.99,High Risk
CUST_016928,0,0.0,
CUST_016929,0,0.0,
CUST_016930,0,0.0,
CUST_016931,0,0.0,
CUST_016932,0,0.0,
CUST_016933,0,0.0,
CUST_016934,0,0.0,
CUST_016936,0,0.0,
CUST_016938,0,0.0,
CUST_016940,0,0.0,
CUST_016942,0,0.0,
CUST_016943,1,0.99,High Risk
CUST_016945,0,0.0,
CUST_016947,1,1.0,High Risk
CUST_016948,1,1.0,High Risk
CUST_016949,0,0.0,
CUST_016950,0,0.0,
CUST_016951,1,1.0,High Risk
CUST_016952,1,1.0,High Risk
CUST_016953,0,0.0,
CUST_016954,0,0.0,
CUST_016955,1,0.99,High Risk
CUST_016956,0,0.0,
CUST_016957,1,1.0,High Risk
CUST_016959,0,0.0,
CUST_016960,0,0.02,Low Risk
CUST_016961,1,1.0,High Risk
CUST_016963,1,1.0,High Risk
CUST_016965,1,1.0,High Risk
CUST_016966,0,0.0,
CUST_016967,1,1.0,High Risk
CUST_016968,0,0.0,
CUST_016969,0,0.0,
CUST_016971,0,0.0,
CUST_016976,1,1.0,High Risk
CUST_016978,0,0.0,
CUST_016979,0,0.0,
CUST_016980,1,0.99,High Risk
CUST_016982,0,0.0,
CUST_016983,0,0.0,
CUST_016984,0,0.02,Low Risk
CUST_016985,0,0.0,
CUST_016986,0,0.0,
CUST_016987,0,0.0,
CUST_016988,0,0.0,
CUST_016989,0,0.0,
CUST_016990,1,1.0,High Risk
CUST_016992,0,0.0,
CUST_016996,0,0.0,
CUST_016997,1,1.0,High Risk
CUST_016998,1,0.99,High Risk
CUST_016999,0,0.0,
CUST_017001,0,0.0,
CUST_017002,0,0.01,Low Risk
CUST_017004,0,0.0,
CUST_017006,0,0.0,
CUST_017007,0,0.0,
CUST_017010,0,0.0,
CUST_017011,0,0.0,
CUST_017014,0,0.0,
CUST_017015,0,0.0,
CUST_017017,0,0.0,
CUST_017018,0,0.0,
CUST_017019,0,0.0,
CUST_017022,0,0.0,
CUST_017024,0,0.04,Low Risk
CUST_017025,0,0.0,
CUST_017026,1,0.98,High Risk
CUST_017027,0,0.02,Low Risk
CUST_017029,1,1.0,High Risk
CUST_017030,0,0.0,
CUST_017031,0,0.0,
CUST_017033,0,0.06,Low Risk
CUST_017034,0,0.0,
CUST_017035,1,1.0,High Risk
CUST_017037,0,0.0,
CUST_017038,0,0.0,
CUST_017040,1,1.0,High Risk
CUST_017041,0,0.0,
CUST_017042,0,0.0,
CUST_017043,0,0.0,
CUST_017044,0,0.0,
CUST_017045,1,1.0,High Risk
CUST_017046,1,1.0,High Risk
CUST_017047,0,0.0,
CUST_017048,1,1.0,High Risk
CUST_017049,0,0.0,
CUST_017050,1,0.98,High Risk
CUST_017051,1,1.0,High Risk
CUST_017052,0,0.0,
CUST_017053,1,1.0,High Risk
CUST_017054,0,0.0,
CUST_017058,0,0.0,
CUST_017059,0,0.0,
CUST_017060,1,1.0,High Risk
CUST_017061,0,0.0,
CUST_017062,1,1.0,High Risk
CUST_017063,0,0.0,
CUST_017064,0,0.01,Low Risk
CUST_017068,0,0.0,
CUST_017069,0,0.0,
CUST_017070,1,1.0,High Risk
CUST_017071,0,0.0,
CUST_017073,0,0.0,
CUST_017075,0,0.0,
CUST_017076,0,0.0,
CUST_017078,0,0.01,Low Risk
CUST_017079,0,0.01,Low Risk
CUST_017080,0,0.0,
CUST_017081,0,0.0,
CUST_017082,0,0.0,
CUST_017083,1,0.98,High Risk
CUST_017084,0,0.0,
CUST_017085,1,1.0,High Risk
CUST_017086,0,0.0,
CUST_017088,0,0.0,
CUST_017090,0,0.0,
CUST_017091,0,0.0,
CUST_017092,0,0.0,
CUST_017094,1,1.0,High Risk
CUST_017095,0,0.0,
CUST_017096,0,0.0,
CUST_017097,0,0.0,
CUST_017100,0,0.0,
CUST_017101,0,0.0,
CUST_017102,1,1.0,High Risk
CUST_017105,1,1.0,High Risk
CUST_017107,0,0.0,
CUST_017109,0,0.0,
CUST_017110,1,1.0,High Risk
CUST_017111,0,0.0,
CUST_017114,0,0.0,
CUST_017115,0,0.0,
CUST_017117,1,1.0,High Risk
CUST_017118,1,1.0,High Risk
CUST_017119,0,0.0,
CUST_017120,1,1.0,High Risk
CUST_017122,1,1.0,High Risk
CUST_017123,1,1.0,High Risk
CUST_017124,1,1.0,High Risk
CUST_017125,0,0.0,
CUST_017126,1,0.99,High Risk
CUST_017128,1,1.0,High Risk
CUST_017131,0,0.0,
CUST_017133,0,0.0,
CUST_017134,1,0.99,High Risk
CUST_017135,0,0.0,
CUST_017138,1,1.0,High Risk
CUST_017139,0,0.0,
CUST_017140,1,0.99,High Risk
CUST_017142,1,0.99,High Risk
CUST_017144,0,0.0,
CUST_017146,1,0.99,High Risk
CUST_017147,0,0.0,
CUST_017148,0,0.0,
CUST_017152,1,0.99,High Risk
CUST_017153,0,0.0,
CUST_017154,0,0.0,
CUST_017155,0,0.0,
CUST_017157,0,0.0,
CUST_017158,0,0.0,
CUST_017159,0,0.0,
CUST_017160,0,0.0,
CUST_017162,0,0.0,
CUST_017163,0,0.0,
CUST_017164,0,0.0,
CUST_017165,1,1.0,High Risk
CUST_017166,0,0.0,
CUST_017169,0,0.0,
CUST_017171,1,1.0,High Risk
CUST_017172,0,0.0,
CUST_017173,0,0.0,
CUST_017174,1,1.0,High Risk
CUST_017175,0,0.0,
CUST_017176,1,1.0,High Risk
CUST_017179,1,1.0,High Risk
CUST_017180,0,0.0,
CUST_017181,0,0.0,
CUST_017183,0,0.0,
CUST_017186,0,0.01,Low Risk
CUST_017187,1,1.0,High Risk
CUST_017188,0,0.0,
CUST_017189,1,0.97,High Risk
CUST_017190,0,0.02,Low Risk
CUST_017191,0,0.0,
CUST_017193,0,0.0,
CUST_017194,1,0.99,High Risk
CUST_017197,0,0.0,
CUST_017198,0,0.0,
CUST_017201,0,0.0,
CUST_017203,0,0.0,
CUST_017204,1,1.0,High Risk
CUST_017205,0,0.02,Low Risk
CUST_017206,0,0.01,Low Risk
CUST_017211,0,0.0,
CUST_017212,1,1.0,High Risk
CUST_017213,0,0.0,
CUST_017214,0,0.0,
CUST_017217,1,1.0,High Risk
CUST_017218,0,0.0,
CUST_017219,0,0.0,
CUST_017220,0,0.0,
CUST_017221,0,0.0,
CUST_017222,0,0.0,
CUST_017223,1,1.0,High Risk
CUST_017226,1,0.99,High Risk
CUST_017227,0,0.0,
CUST_017228,0,0.0,
CUST_017229,1,1.0,High Risk
CUST_017230,1,1.0,High Risk
CUST_017231,0,0.0,
CUST_017232,0,0.0,
CUST_017233,0,0.0,
CUST_017234,1,1.0,High Risk
CUST_017235,0,0.0,
CUST_017236,0,0.0,
CUST_017237,0,0.0,
CUST_017238,0,0.0,
CUST_017239,1,1.0,High Risk
CUST_017242,1,1.0,High Risk
CUST_017243,0,0.0,
CUST_017244,0,0.0,
CUST_017245,1,1.0,High Risk
CUST_017247,0,0.0,
CUST_017248,1,1.0,High Risk
CUST_017250,0,0.0,
CUST_017251,1,1.0,High Risk
CUST_017252,1,1.0,High Risk
CUST_017253,0,0.0,
CUST_017254,0,0.0,
CUST_017255,0,0.01,Low Risk
CUST_017256,1,0.97,High Risk
CUST_017259,1,0.99,High Risk
CUST_017262,0,0.01,Low Risk
CUST_017263,1,1.0,High Risk
CUST_017265,1,1.0,High Risk
CUST_017266,0,0.0,
CUST_017267,1,0.99,High Risk
CUST_017268,1,1.0,High Risk
CUST_017272,0,0.0,
CUST_017274,0,0.0,
CUST_017277,1,1.0,High Risk
CUST_017278,1,1.0,High Risk
CUST_017279,0,0.0,
CUST_017282,1,1.0,High Risk
CUST_017284,0,0.01,Low Risk
CUST_017286,0,0.0,
CUST_017287,0,0.0,
CUST_017288,0,0.0,
CUST_017289,0,0.0,
CUST_017290,0,0.0,
CUST_017291,1,0.99,High Risk
CUST_017293,0,0.0,
CUST_017295,0,0.0,
CUST_017297,0,0.0,
CUST_017298,1,1.0,High Risk
CUST_017299,0,0.0,
CUST_017301,0,0.0,
CUST_017302,0,0.0,
CUST_017303,1,1.0,High Risk
CUST_017306,0,0.0,
CUST_017309,1,0.98,High Risk
CUST_017311,0,0.0,
CUST_017312,1,1.0,High Risk
CUST_017313,0,0.01,Low Risk
CUST_017314,0,0.0,
CUST_017315,0,0.0,
CUST_017317,0,0.0,
CUST_017320,1,0.96,High Risk
CUST_017321,0,0.0,
CUST_017323,0,0.0,
CUST_017324,0,0.0,
CUST_017325,1,1.0,High Risk
CUST_017329,0,0.0,
CUST_017330,0,0.0,
CUST_017331,1,1.0,High Risk
CUST_017333,0,0.0,
CUST_017334,1,1.0,High Risk
CUST_017337,1,0.98,High Risk
CUST_017338,0,0.0,
CUST_017339,1,0.98,High Risk
CUST_017340,0,0.0,
CUST_017341,1,1.0,High Risk
CUST_017343,1,1.0,High Risk
CUST_017344,0,0.0,
CUST_017345,0,0.0,
CUST_017346,0,0.0,
CUST_017347,0,0.0,
CUST_017348,0,0.0,
CUST_017349,1,1.0,High Risk
CUST_017350,0,0.0,
CUST_017351,0,0.0,
CUST_017353,1,1.0,High Risk
CUST_017354,0,0.0,
CUST_017356,1,1.0,High Risk
CUST_017357,0,0.0,
CUST_017358,1,1.0,High Risk
CUST_017359,0,0.0,
CUST_017360,0,0.0,
CUST_017361,0,0.0,
CUST_017362,1,1.0,High Risk
CUST_017364,0,0.0,
CUST_017365,0,0.0,
CUST_017367,1,1.0,High Risk
CUST_017368,0,0.0,
CUST_017370,0,0.0,
CUST_017371,0,0.0,
CUST_017372,0,0.0,
CUST_017373,0,0.0,
CUST_017374,1,1.0,High Risk
CUST_017375,1,1.0,High Risk
CUST_017376,0,0.0,
CUST_017377,0,0.0,
CUST_017379,0,0.0,
CUST_017381,0,0.0,
CUST_017382,0,0.01,Low Risk
CUST_017383,0,0.0,
CUST_017384,0,0.0,
CUST_017385,0,0.0,
CUST_017386,0,0.0,
CUST_017387,0,0.0,
CUST_017388,0,0.03,Low Risk
CUST_017389,0,0.0,
CUST_017391,1,1.0,High Risk
CUST_017392,1,1.0,High Risk
CUST_017394,1,1.0,High Risk
CUST_017396,0,0.01,Low Risk
CUST_017397,0,0.0,
CUST_017398,1,0.99,High Risk
CUST_017400,1,1.0,High Risk
CUST_017402,0,0.0,
CUST_017403,0,0.0,
CUST_017404,0,0.0,
CUST_017405,0,0.0,
CUST_017406,1,1.0,High Risk
CUST_017408,1,1.0,High Risk
CUST_017409,1,0.99,High Risk
CUST_017410,0,0.0,
CUST_017411,0,0.0,
CUST_017412,0,0.0,
CUST_017414,0,0.06,Low Risk
CUST_017415,0,0.01,Low Risk
CUST_017416,0,0.0,
CUST_017418,0,0.0,
CUST_017419,0,0.0,
CUST_017420,0,0.0,
CUST_017422,0,0.0,
CUST_017423,0,0.01,Low Risk
CUST_017425,0,0.0,
CUST_017426,0,0.0,
CUST_017427,0,0.0,
CUST_017428,0,0.0,
CUST_017429,1,1.0,High Risk
CUST_017430,0,0.0,
CUST_017431,1,1.0,High Risk
CUST_017432,0,0.0,
CUST_017433,0,0.0,
CUST_017434,0,0.0,
CUST_017436,0,0.0,
CUST_017438,1,1.0,High Risk
CUST_017440,1,0.98,High Risk
CUST_017442,0,0.0,
CUST_017443,1,1.0,High Risk
CUST_017444,1,0.99,High Risk
CUST_017446,1,1.0,High Risk
CUST_017447,0,0.0,
CUST_017449,0,0.0,
CUST_017450,0,0.0,
CUST_017451,0,0.0,
CUST_017453,0,0.0,
CUST_017454,1,1.0,High Risk
CUST_017455,1,1.0,High Risk
CUST_017456,1,1.0,High Risk
CUST_017457,1,0.98,High Risk
CUST_017458,0,0.0,
CUST_017459,0,0.0,
CUST_017460,1,0.97,High Risk
CUST_017461,0,0.0,
CUST_017462,0,0.0,
CUST_017463,0,0.0,
CUST_017464,1,1.0,High Risk
CUST_017466,0,0.0,
CUST_017468,0,0.0,
CUST_017469,0,0.0,
CUST_017470,0,0.0,
CUST_017472,1,1.0,High Risk
CUST_017475,0,0.0,
CUST_017480,0,0.0,
CUST_017481,0,0.0,
CUST_017483,0,0.01,Low Risk
CUST_017486,1,1.0,High Risk
CUST_017489,0,0.0,
CUST_017490,0,0.0,
CUST_017491,0,0.0,
CUST_017492,1,1.0,High Risk
CUST_017495,0,0.0,
CUST_017496,1,1.0,High Risk
CUST_017498,0,0.0,
CUST_017499,1,1.0,High Risk
CUST_017500,0,0.0,
CUST_017501,1,1.0,High Risk
CUST_017502,0,0.0,
CUST_017503,0,0.0,
CUST_017504,1,1.0,High Risk
CUST_017505,1,1.0,High Risk
CUST_017506,0,0.0,
CUST_017507,1,0.99,High Risk
CUST_017508,1,1.0,High Risk
CUST_017509,0,0.01,Low Risk
CUST_017510,0,0.0,
CUST_017511,0,0.0,
CUST_017512,0,0.0,
CUST_017513,0,0.0,
CUST_017514,1,1.0,High Risk
CUST_017515,0,0.0,
CUST_017516,0,0.0,
CUST_017517,1,1.0,High Risk
CUST_017519,0,0.0,
CUST_017520,0,0.0,
CUST_017521,0,0.0,
CUST_017522,0,0.0,
CUST_017523,0,0.0,
CUST_017524,1,1.0,High Risk
CUST_017525,1,1.0,High Risk
CUST_017526,0,0.0,
CUST_017527,0,0.0,
CUST_017528,0,0.0,
CUST_017530,0,0.0,
CUST_017531,1,1.0,High Risk
CUST_017534,0,0.01,Low Risk
CUST_017535,1,1.0,High Risk
CUST_017536,1,1.0,High Risk
CUST_017537,0,0.0,
CUST_017538,0,0.0,
CUST_017540,0,0.0,
CUST_017542,1,0.99,High Risk
CUST_017545,0,0.0,
CUST_017548,1,1.0,High Risk
CUST_017549,0,0.0,
CUST_017550,1,1.0,High Risk
CUST_017551,1,1.0,High Risk
CUST_017552,0,0.0,
CUST_017553,1,1.0,High Risk
CUST_017554,0,0.0,
CUST_017555,0,0.0,
CUST_017556,1,1.0,High Risk
CUST_017557,0,0.0,
CUST_017560,1,0.99,High Risk
CUST_017561,0,0.0,
CUST_017562,0,0.0,
CUST_017564,0,0.0,
CUST_017566,0,0.0,
CUST_017567,0,0.0,
CUST_017569,1,0.99,High Risk
CUST_017571,0,0.02,Low Risk
CUST_017572,0,0.0,
CUST_017573,0,0.0,
CUST_017574,1,1.0,High Risk
CUST_017576,0,0.0,
CUST_017578,1,1.0,High Risk
CUST_017579,0,0.0,
CUST_017580,1,1.0,High Risk
CUST_017581,0,0.0,
CUST_017582,1,0.97,High Risk
CUST_017584,0,0.0,
CUST_017585,1,1.0,High Risk
CUST_017588,1,0.99,High Risk
CUST_017589,0,0.0,
CUST_017590,0,0.0,
CUST_017591,0,0.0,
CUST_017593,0,0.0,
CUST_017594,0,0.0,
CUST_017595,0,0.0,
CUST_017596,0,0.0,
CUST_017597,1,1.0,High Risk
CUST_017600,0,0.0,
CUST_017601,1,1.0,High Risk
CUST_017602,0,0.0,
CUST_017603,0,0.0,
CUST_017604,1,1.0,High Risk
CUST_017608,0,0.0,
CUST_017609,0,0.0,
CUST_017611,0,0.0,
CUST_017612,0,0.0,
CUST_017613,0,0.0,
CUST_017614,0,0.0,
CUST_017615,1,0.99,High Risk
CUST_017616,1,0.99,High Risk
CUST_017618,0,0.0,
CUST_017619,1,1.0,High Risk
CUST_017620,0,0.0,
CUST_017621,0,0.0,
CUST_017623,0,0.0,
CUST_017624,0,0.0,
CUST_017625,0,0.0,
CUST_017628,0,0.0,
CUST_017629,0,0.0,
CUST_017630,1,1.0,High Risk
CUST_017631,0,0.0,
CUST_017633,0,0.0,
CUST_017634,0,0.0,
CUST_017636,0,0.0,
CUST_017637,0,0.0,
CUST_017639,1,1.0,High Risk
CUST_017640,0,0.01,Low Risk
CUST_017642,1,1.0,High Risk
CUST_017643,1,1.0,High Risk
CUST_017644,0,0.0,
CUST_017646,1,1.0,High Risk
CUST_017647,0,0.0,
CUST_017648,0,0.01,Low Risk
CUST_017649,1,0.99,High Risk
CUST_017650,0,0.0,
CUST_017651,0,0.0,
CUST_017652,0,0.0,
CUST_017653,0,0.01,Low Risk
CUST_017654,1,1.0,High Risk
CUST_017655,0,0.0,
CUST_017656,0,0.0,
CUST_017658,0,0.0,
CUST_017659,0,0.0,
CUST_017660,1,1.0,High Risk
CUST_017663,0,0.0,
CUST_017664,0,0.0,
CUST_017666,0,0.0,
CUST_017667,0,0.0,
CUST_017668,0,0.0,
CUST_017669,0,0.01,Low Risk
CUST_017670,1,1.0,High Risk
CUST_017671,0,0.0,
CUST_017672,0,0.0,
CUST_017673,0,0.0,
CUST_017674,0,0.02,Low Risk
CUST_017675,0,0.0,
CUST_017676,0,0.0,
CUST_017677,0,0.0,
CUST_017678,1,1.0,High Risk
CUST_017679,0,0.02,Low Risk
CUST_017680,0,0.0,
CUST_017682,0,0.0,
CUST_017684,0,0.0,
CUST_017685,0,0.0,
CUST_017686,0,0.0,
CUST_017690,0,0.0,
CUST_017691,1,0.99,High Risk
CUST_017692,1,1.0,High Risk
CUST_017693,1,1.0,High Risk
CUST_017694,1,1.0,High Risk
CUST_017695,1,0.99,High Risk
CUST_017696,0,0.0,
CUST_017697,1,1.0,High Risk
CUST_017698,1,1.0,High Risk
CUST_017700,0,0.0,
CUST_017701,1,1.0,High Risk
CUST_017702,0,0.0,
CUST_017703,0,0.0,
CUST_017704,1,1.0,High Risk
CUST_017705,0,0.0,
CUST_017706,0,0.0,
CUST_017707,1,1.0,High Risk
CUST_017708,1,1.0,High Risk
CUST_017709,1,1.0,High Risk
CUST_017711,0,0.0,
CUST_017712,0,0.0,
CUST_017714,1,1.0,High Risk
CUST_017715,1,1.0,High Risk
CUST_017716,0,0.0,
CUST_017718,1,1.0,High Risk
CUST_017719,0,0.0,
CUST_017720,0,0.0,
CUST_017722,1,0.96,High Risk
CUST_017723,1,1.0,High Risk
CUST_017724,0,0.0,
CUST_017725,0,0.0,
CUST_017727,0,0.0,
CUST_017728,0,0.0,
CUST_017730,0,0.0,
CUST_017731,0,0.0,
CUST_017732,1,1.0,High Risk
CUST_017733,0,0.0,
CUST_017734,0,0.01,Low Risk
CUST_017735,0,0.0,
CUST_017736,0,0.0,
CUST_017737,0,0.0,
CUST_017738,0,0.0,
CUST_017739,0,0.0,
CUST_017742,1,0.99,High Risk
CUST_017744,0,0.0,
CUST_017746,1,1.0,High Risk
CUST_017747,1,1.0,High Risk
CUST_017749,1,1.0,High Risk
CUST_017750,0,0.0,
CUST_017752,1,0.99,High Risk
CUST_017754,0,0.0,
CUST_017757,0,0.0,
CUST_017758,0,0.0,
CUST_017759,0,0.0,
CUST_017760,0,0.0,
CUST_017761,0,0.0,
CUST_017763,1,1.0,High Risk
CUST_017764,0,0.01,Low Risk
CUST_017765,1,1.0,High Risk
CUST_017767,0,0.0,
CUST_017768,0,0.0,
CUST_017769,0,0.0,
CUST_017770,1,1.0,High Risk
CUST_017771,0,0.01,Low Risk
CUST_017772,0,0.0,
CUST_017774,1,0.99,High Risk
CUST_017775,1,1.0,High Risk
CUST_017777,0,0.0,
CUST_017779,0,0.0,
CUST_017781,1,1.0,High Risk
CUST_017783,0,0.01,Low Risk
CUST_017785,0,0.0,
CUST_017786,0,0.01,Low Risk
CUST_017787,1,1.0,High Risk
CUST_017788,0,0.0,
CUST_017789,1,1.0,High Risk
CUST_017790,0,0.0,
CUST_017791,0,0.0,
CUST_017793,0,0.0,
CUST_017795,1,1.0,High Risk
CUST_017796,0,0.0,
CUST_017797,0,0.0,
CUST_017799,0,0.0,
CUST_017800,0,0.0,
CUST_017802,0,0.0,
CUST_017805,0,0.0,
CUST_017806,0,0.0,
CUST_017809,0,0.0,
CUST_017811,0,0.0,
CUST_017812,0,0.0,
CUST_017813,0,0.0,
CUST_017816,0,0.0,
CUST_017817,0,0.0,
CUST_017819,0,0.0,
CUST_017824,0,0.0,
CUST_017827,0,0.0,
CUST_017828,0,0.0,
CUST_017829,1,1.0,High Risk
CUST_017830,0,0.0,
CUST_017831,0,0.01,Low Risk
CUST_017832,0,0.0,
CUST_017835,0,0.0,
CUST_017836,0,0.0,
CUST_017837,0,0.01,Low Risk
CUST_017838,0,0.0,
CUST_017839,0,0.0,
CUST_017841,0,0.0,
CUST_017843,1,1.0,High Risk
CUST_017844,1,0.99,High Risk
CUST_017846,0,0.04,Low Risk
CUST_017848,0,0.0,
CUST_017849,1,1.0,High Risk
CUST_017850,1,0.98,High Risk
CUST_017852,0,0.0,
CUST_017854,1,1.0,High Risk
CUST_017855,1,1.0,High Risk
CUST_017856,0,0.0,
CUST_017857,0,0.0,
CUST_017858,0,0.0,
CUST_017859,1,1.0,High Risk
CUST_017860,1,1.0,High Risk
CUST_017861,0,0.0,
CUST_017862,1,1.0,High Risk
CUST_017863,0,0.0,
CUST_017864,0,0.0,
CUST_017865,0,0.0,
CUST_017866,1,0.98,High Risk
CUST_017867,0,0.0,
CUST_017869,1,0.99,High Risk
CUST_017870,0,0.0,
CUST_017871,1,1.0,High Risk
CUST_017873,0,0.0,
CUST_017874,1,1.0,High Risk
CUST_017877,1,1.0,High Risk
CUST_017878,0,0.0,
CUST_017879,1,1.0,High Risk
CUST_017880,1,1.0,High Risk
CUST_017881,1,1.0,High Risk
CUST_017883,0,0.0,
CUST_017884,0,0.0,
CUST_017885,0,0.0,
CUST_017886,0,0.0,
CUST_017887,1,1.0,High Risk
CUST_017888,0,0.0,
CUST_017889,1,0.98,High Risk
CUST_017890,1,1.0,High Risk
CUST_017891,1,1.0,High Risk
CUST_017892,0,0.01,Low Risk
CUST_017893,1,1.0,High Risk
CUST_017894,0,0.0,
CUST_017895,0,0.0,
CUST_017896,0,0.0,
CUST_017897,1,0.98,High Risk
CUST_017898,0,0.03,Low Risk
CUST_017899,1,1.0,High Risk
CUST_017900,1,1.0,High Risk
CUST_017901,0,0.0,
CUST_017904,0,0.0,
CUST_017905,0,0.0,
CUST_017906,1,1.0,High Risk
CUST_017908,1,1.0,High Risk
CUST_017911,0,0.0,
CUST_017912,1,1.0,High Risk
CUST_017913,0,0.0,
CUST_017914,0,0.0,
CUST_017917,0,0.0,
CUST_017919,0,0.0,
CUST_017920,0,0.0,
CUST_017921,0,0.01,Low Risk
CUST_017923,1,1.0,High Risk
CUST_017924,0,0.0,
CUST_017925,1,1.0,High Risk
CUST_017926,1,0.99,High Risk
CUST_017928,0,0.01,Low Risk
CUST_017929,0,0.0,
CUST_017930,0,0.01,Low Risk
CUST_017931,1,1.0,High Risk
CUST_017932,0,0.0,
CUST_017934,0,0.01,Low Risk
CUST_017935,1,1.0,High Risk
CUST_017936,0,0.0,
CUST_017937,0,0.0,
CUST_017939,1,1.0,High Risk
CUST_017940,0,0.0,
CUST_017941,1,0.99,High Risk
CUST_017942,0,0.0,
CUST_017946,1,1.0,High Risk
CUST_017947,0,0.0,
CUST_017948,1,1.0,High Risk
CUST_017949,0,0.0,
CUST_017950,0,0.0,
CUST_017951,0,0.0,
CUST_017954,0,0.0,
CUST_017955,1,1.0,High Risk
CUST_017956,1,0.99,High Risk
CUST_017957,0,0.02,Low Risk
CUST_017958,1,0.99,High Risk
CUST_017960,1,1.0,High Risk
CUST_017961,0,0.0,
CUST_017962,1,1.0,High Risk
CUST_017964,0,0.0,
CUST_017965,0,0.0,
CUST_017966,0,0.0,
CUST_017967,1,1.0,High Risk
CUST_017968,1,1.0,High Risk
CUST_017969,1,1.0,High Risk
CUST_017970,1,1.0,High Risk
CUST_017972,1,1.0,High Risk
CUST_017973,0,0.0,
CUST_017974,0,0.0,
CUST_017975,0,0.0,
CUST_017976,1,1.0,High Risk
CUST_017977,0,0.0,
CUST_017978,1,0.99,High Risk
CUST_017979,0,0.02,Low Risk
CUST_017980,1,0.98,High Risk
CUST_017984,1,0.99,High Risk
CUST_017985,0,0.0,
CUST_017986,0,0.02,Low Risk
CUST_017987,1,1.0,High Risk
CUST_017988,0,0.0,
CUST_017990,1,1.0,High Risk
CUST_017991,1,1.0,High Risk
CUST_017994,1,1.0,High Risk
CUST_017995,1,0.97,High Risk
CUST_017997,0,0.0,
CUST_017999,0,0.0,
CUST_018001,0,0.0,
CUST_018004,1,1.0,High Risk
CUST_018005,0,0.0,
CUST_018006,0,0.0,
CUST_018008,0,0.02,Low Risk
CUST_018009,1,1.0,High Risk
CUST_018010,1,1.0,High Risk
CUST_018011,1,1.0,High Risk
CUST_018013,1,1.0,High Risk
CUST_018014,0,0.0,
CUST_018015,0,0.0,
CUST_018016,0,0.0,
CUST_018017,0,0.02,Low Risk
CUST_018018,1,0.99,High Risk
CUST_018019,0,0.03,Low Risk
CUST_018022,0,0.0,
CUST_018024,1,1.0,High Risk
CUST_018027,1,1.0,High Risk
CUST_018030,0,0.0,
CUST_018032,1,1.0,High Risk
CUST_018033,0,0.02,Low Risk
CUST_018034,0,0.0,
CUST_018035,0,0.0,
CUST_018036,0,0.03,Low Risk
CUST_018037,1,0.98,High Risk
CUST_018040,0,0.0,
CUST_018041,0,0.0,
CUST_018042,0,0.0,
CUST_018043,0,0.0,
CUST_018044,0,0.0,
CUST_018045,0,0.01,Low Risk
CUST_018048,1,1.0,High Risk
CUST_018050,1,1.0,High Risk
CUST_018053,0,0.0,
CUST_018055,0,0.0,
CUST_018056,1,1.0,High Risk
CUST_018058,0,0.0,
CUST_018059,0,0.0,
CUST_018061,0,0.0,
CUST_018062,1,1.0,High Risk
CUST_018064,1,1.0,High Risk
CUST_018065,0,0.0,
CUST_018066,0,0.0,
CUST_018067,0,0.0,
CUST_018068,1,0.99,High Risk
CUST_018069,0,0.0,
CUST_018071,1,1.0,High Risk
CUST_018072,1,1.0,High Risk
CUST_018073,1,1.0,High Risk
CUST_018074,1,1.0,High Risk
CUST_018075,0,0.0,
CUST_018077,0,0.0,
CUST_018078,1,1.0,High Risk
CUST_018079,0,0.0,
CUST_018080,0,0.01,Low Risk
CUST_018081,0,0.0,
CUST_018082,0,0.0,
CUST_018084,0,0.0,
CUST_018085,1,1.0,High Risk
CUST_018086,1,1.0,High Risk
CUST_018087,1,0.99,High Risk
CUST_018088,0,0.0,
CUST_018092,0,0.0,
CUST_018093,1,0.98,High Risk
CUST_018094,0,0.01,Low Risk
CUST_018095,1,1.0,High Risk
CUST_018096,0,0.0,
CUST_018097,0,0.0,
CUST_018099,1,1.0,High Risk
CUST_018101,0,0.0,
CUST_018102,0,0.0,
CUST_018104,0,0.0,
CUST_018105,0,0.0,
CUST_018106,1,0.99,High Risk
CUST_018108,1,1.0,High Risk
CUST_018109,0,0.0,
CUST_018110,0,0.0,
CUST_018112,0,0.0,
CUST_018113,1,1.0,High Risk
CUST_018114,1,1.0,High Risk
CUST_018116,0,0.0,
CUST_018117,0,0.0,
CUST_018118,0,0.0,
CUST_018119,1,1.0,High Risk
CUST_018120,1,1.0,High Risk
CUST_018121,1,1.0,High Risk
CUST_018122,0,0.0,
CUST_018123,0,0.0,
CUST_018125,0,0.0,
CUST_018126,0,0.0,
CUST_018127,0,0.0,
CUST_018129,1,1.0,High Risk
CUST_018130,0,0.0,
CUST_018133,1,1.0,High Risk
CUST_018135,0,0.0,
CUST_018136,0,0.0,
CUST_018138,1,1.0,High Risk
CUST_018139,0,0.0,
CUST_018142,1,0.99,High Risk
CUST_018143,1,0.98,High Risk
CUST_018144,0,0.0,
CUST_018145,0,0.0,
CUST_018146,1,1.0,High Risk
CUST_018147,0,0.02,Low Risk
CUST_018149,0,0.0,
CUST_018150,0,0.03,Low Risk
CUST_018151,1,1.0,High Risk
CUST_018154,0,0.0,
CUST_018155,0,0.0,
CUST_018156,0,0.0,
CUST_018158,0,0.0,
CUST_018159,1,1.0,High Risk
CUST_018160,0,0.02,Low Risk
CUST_018161,0,0.0,
CUST_018164,0,0.0,
CUST_018165,1,1.0,High Risk
CUST_018167,0,0.0,
CUST_018168,1,0.99,High Risk
CUST_018169,0,0.0,
CUST_018170,0,0.0,
CUST_018171,0,0.0,
CUST_018172,0,0.0,
CUST_018173,0,0.02,Low Risk
CUST_018174,0,0.0,
CUST_018176,1,1.0,High Risk
CUST_018177,0,0.0,
CUST_018178,1,0.98,High Risk
CUST_018179,0,0.0,
CUST_018180,0,0.0,
CUST_018181,0,0.0,
CUST_018183,1,1.0,High Risk
CUST_018184,0,0.0,
CUST_018185,1,1.0,High Risk
CUST_018188,0,0.0,
CUST_018189,0,0.0,
CUST_018190,1,1.0,High Risk
CUST_018191,1,0.99,High Risk
CUST_018192,0,0.01,Low Risk
CUST_018193,1,1.0,High Risk
CUST_018194,0,0.0,
CUST_018196,1,0.99,High Risk
CUST_018198,0,0.0,
CUST_018200,1,1.0,High Risk
CUST_018202,1,1.0,High Risk
CUST_018203,1,1.0,High Risk
CUST_018204,0,0.01,Low Risk
CUST_018205,0,0.01,Low Risk
CUST_018209,0,0.0,
CUST_018210,0,0.0,
CUST_018211,0,0.0,
CUST_018212,1,1.0,High Risk
CUST_018213,1,1.0,High Risk
CUST_018215,0,0.0,
CUST_018216,0,0.0,
CUST_018217,0,0.0,
CUST_018218,1,1.0,High Risk
CUST_018219,0,0.0,
CUST_018220,1,1.0,High Risk
CUST_018221,0,0.0,
CUST_018222,1,0.99,High Risk
CUST_018223,0,0.0,
CUST_018224,1,1.0,High Risk
CUST_018225,0,0.0,
CUST_018226,0,0.0,
CUST_018227,1,1.0,High Risk
CUST_018228,0,0.0,
CUST_018229,0,0.0,
CUST_018230,0,0.0,
CUST_018231,1,1.0,High Risk
CUST_018232,0,0.0,
CUST_018233,1,0.99,High Risk
CUST_018235,0,0.0,
CUST_018236,0,0.0,
CUST_018237,0,0.0,
CUST_018239,1,1.0,High Risk
CUST_018240,0,0.0,
CUST_018241,0,0.0,
CUST_018242,0,0.01,Low Risk
CUST_018245,0,0.0,
CUST_018246,0,0.0,
CUST_018248,1,1.0,High Risk
CUST_018249,0,0.0,
CUST_018250,1,0.99,High Risk
CUST_018251,0,0.02,Low Risk
CUST_018252,0,0.0,
CUST_018255,0,0.01,Low Risk
CUST_018257,0,0.0,
CUST_018259,0,0.0,
CUST_018260,1,1.0,High Risk
CUST_018261,0,0.02,Low Risk
CUST_018262,1,1.0,High Risk
CUST_018263,0,0.0,
CUST_018265,0,0.01,Low Risk
CUST_018268,1,1.0,High Risk
CUST_018269,1,1.0,High Risk
CUST_018270,0,0.0,
CUST_018272,0,0.0,
CUST_018273,0,0.0,
CUST_018274,0,0.0,
CUST_018276,0,0.01,Low Risk
CUST_018277,0,0.0,
CUST_018278,0,0.0,
CUST_018280,1,1.0,High Risk
CUST_018281,1,1.0,High Risk
CUST_018282,0,0.0,
CUST_018283,0,0.0,
CUST_018287,0,0.0,
