customer_id,member_since,age,gender,postal_code,city,county,loyalty_tier,email_consent,mobile_app_user,preferred_language,household_size,estimated_income,channel,region
CUST_000001,2021-11-01 15:18:12.843208,50,F,1922,Braga,Other,Gold,True,True,PT,3,86993.62673188852,Retail,Other
CUST_000002,2024-11-04 15:18:12.843208,43,M,3915,Aveiro,Other,Gold,True,True,PT,1,85448.76609576892,Retail,Other
CUST_000003,2022-07-15 15:18:12.843208,52,F,8957,Évora,Other,Gold,True,True,PT,3,94373.83640116102,Retail,Other
CUST_000004,2023-07-27 15:18:12.843208,63,F,4046,Évora,Other,Silver,True,False,EN,3,70691.04280008658,Horeca,Other
CUST_000005,2025-04-15 15:18:12.843208,42,M,2230,Coimbra,Other,Platinum,False,True,PT,2,118463.61379933772,Retail,Other
CUST_000006,2021-02-14 15:18:12.843208,42,F,8647,Évora,Other,Silver,False,True,PT,3,73420.76265066216,Retail,Other
CUST_000007,2021-06-23 15:18:12.843208,63,M,5933,Évora,Other,Silver,True,True,EN,5,67145.10584850734,Retail,Other
CUST_000008,2021-05-09 15:18:12.843208,54,F,4940,Évora,Other,Gold,True,True,PT,5,77337.51878794256,Retail,Other
CUST_000009,2021-09-20 15:18:12.843208,39,M,7483,Aveiro,Other,Silver,True,False,PT,2,46286.321528563865,Horeca,Other
CUST_000010,2024-02-23 15:18:12.843208,51,M,1203,Évora,Other,Platinum,True,False,PT,1,123855.58607724737,Retail,Other
CUST_000011,2025-04-21 15:18:12.843208,39,F,1160,Évora,Other,Gold,True,True,EN,5,81278.03848970366,Retail,Other
CUST_000012,2021-11-29 15:18:12.843208,39,M,9960,Évora,Other,Silver,True,False,EN,4,62152.20216455408,Retail,Other
CUST_000013,2021-10-23 15:18:12.843208,47,M,4748,Braga,Other,Platinum,True,False,PT,1,157021.7102467783,Retail,Other
CUST_000014,2024-02-06 15:18:12.843208,22,M,7718,Aveiro,Other,Platinum,False,True,EN,5,124873.62448940976,Retail,Other
CUST_000015,2024-08-04 15:18:12.843208,24,M,3581,Coimbra,Other,Platinum,True,False,PT,4,134963.02207455394,Retail,Other
CUST_000016,2022-01-31 15:18:12.843208,38,M,2093,Braga,Other,Bronze,True,True,PT,3,38997.2417126256,Horeca,Other
CUST_000017,2022-03-13 15:18:12.843208,32,M,5500,Faro,Other,Gold,False,True,EN,3,73400.71774494363,Retail,Other
CUST_000018,2022-04-05 15:18:12.843208,48,F,9799,Aveiro,Other,Silver,True,False,PT,2,48369.380103488045,Horeca,Other
CUST_000019,2024-11-12 15:18:12.843208,34,M,6710,Aveiro,Other,Platinum,True,True,PT,1,105719.0828339261,Retail,Other
CUST_000020,2021-12-05 15:18:12.843208,28,M,3875,Faro,Other,Silver,True,False,PT,2,49119.79634527235,Horeca,Other
CUST_000021,2024-03-27 15:18:12.843208,62,F,4191,Faro,Other,Gold,True,False,PT,4,78028.46840375461,Retail,Other
CUST_000022,2022-11-01 15:18:12.843208,42,F,2837,Faro,Other,Bronze,False,True,PT,1,20000.0,Horeca,Other
CUST_000023,2021-09-04 15:18:12.843208,45,F,1689,Coimbra,Other,Platinum,True,False,PT,2,126542.98588257139,Horeca,Other
CUST_000024,2024-06-26 15:18:12.843208,27,F,4759,Évora,Other,Platinum,True,True,PT,2,200000.0,Retail,Other
CUST_000025,2022-02-21 15:18:12.843208,38,F,3103,Aveiro,Other,Platinum,False,True,PT,3,152404.00079325415,Retail,Other
CUST_000026,2024-05-25 15:18:12.843208,46,F,1365,Évora,Other,Gold,False,False,PT,5,82754.78780892483,Retail,Other
CUST_000027,2021-02-04 15:18:12.843208,31,F,9092,Évora,Other,Silver,False,False,PT,2,40030.11928435393,Horeca,Other
CUST_000028,2025-01-10 15:18:12.843208,49,M,5172,Faro,Other,Silver,True,True,PT,2,47828.9432192901,Horeca,Other
CUST_000029,2025-03-24 15:18:12.843208,37,M,7033,Coimbra,Other,Platinum,True,True,PT,3,163786.98730454716,Retail,Other
CUST_000030,2023-06-08 15:18:12.843208,41,F,3378,Braga,Other,Platinum,False,False,EN,2,121525.67655403729,Horeca,Other
CUST_000031,2021-09-22 15:18:12.843208,37,M,2205,Coimbra,Other,Gold,False,False,PT,2,106959.49150883575,Horeca,Other
CUST_000032,2024-02-15 15:18:12.843208,67,M,5988,Évora,Other,Bronze,True,False,EN,2,39329.311452878355,Horeca,Other
CUST_000033,2024-06-11 15:18:12.843208,44,M,6669,Coimbra,Other,Silver,True,True,PT,1,67457.67913085168,Horeca,Other
CUST_000034,2024-02-18 15:18:12.843208,32,F,3735,Faro,Other,Platinum,True,True,PT,1,123671.92919497265,Horeca,Other
CUST_000035,2025-04-18 15:18:12.843208,54,F,9490,Braga,Other,Bronze,False,True,PT,2,20000.0,Horeca,Other
CUST_000036,2025-08-16 15:18:12.843208,30,M,1956,Faro,Other,Silver,True,False,PT,2,46736.32565787855,Retail,Other
CUST_000037,2021-09-14 15:18:12.843208,47,F,7623,Braga,Other,Platinum,True,True,PT,5,116169.11308739701,Horeca,Other
CUST_000038,2023-03-29 15:18:12.843208,21,M,2474,Évora,Other,Platinum,True,True,PT,2,114942.578760011,Retail,Other
CUST_000039,2021-08-14 15:18:12.843208,29,M,5460,Braga,Other,Platinum,True,False,PT,3,106119.39995052542,Retail,Other
CUST_000040,2023-05-09 15:18:12.843208,47,M,8002,Braga,Other,Platinum,False,True,PT,3,175459.49853557022,Horeca,Other
CUST_000041,2021-12-26 15:18:12.843208,53,M,7396,Braga,Other,Platinum,True,False,PT,1,133070.9326342476,Horeca,Other
CUST_000042,2023-04-23 15:18:12.843208,47,F,3828,Coimbra,Other,Gold,False,False,PT,3,92221.71430633505,Horeca,Other
CUST_000043,2023-05-10 15:18:12.843208,43,F,3850,Coimbra,Other,Gold,False,False,EN,1,98391.60505108602,Retail,Other
CUST_000044,2025-01-21 15:18:12.843208,41,F,3964,Évora,Other,Platinum,True,True,PT,5,118140.4139067808,Retail,Other
CUST_000045,2024-07-26 15:18:12.843208,27,M,5594,Braga,Other,Gold,True,True,PT,1,87976.77718293,Retail,Other
CUST_000046,2023-01-03 15:18:12.843208,36,F,7644,Aveiro,Other,Platinum,True,False,PT,2,161708.16841456384,Retail,Other
CUST_000047,2025-02-19 15:18:12.843208,39,M,3850,Évora,Other,Platinum,False,False,EN,1,122895.65184960086,Retail,Other
CUST_000048,2025-03-18 15:18:12.843208,57,F,1165,Braga,Other,Platinum,True,False,PT,5,200000.0,Retail,Other
CUST_000049,2021-03-07 15:18:12.843208,49,M,1919,Braga,Other,Gold,True,True,EN,3,92791.11656806796,Retail,Other
CUST_000050,2021-04-24 15:18:12.843208,23,M,9305,Coimbra,Other,Platinum,False,False,PT,3,181577.42692710875,Retail,Other
CUST_000051,2021-10-02 15:18:12.843208,48,M,4504,Évora,Other,Bronze,True,False,PT,1,44413.46610013866,Horeca,Other
CUST_000052,2021-01-16 15:18:12.843208,40,F,1991,Braga,Other,Bronze,False,False,PT,3,44355.85900840985,Horeca,Other
CUST_000053,2021-03-28 15:18:12.843208,36,F,7047,Braga,Other,Platinum,True,False,EN,2,142522.76357659668,Retail,Other
CUST_000054,2022-10-26 15:18:12.843208,52,F,4839,Évora,Other,Gold,True,False,PT,4,70011.32394219717,Retail,Other
CUST_000055,2021-09-24 15:18:12.843208,57,F,2258,Aveiro,Other,Gold,True,False,PT,2,93331.97032817162,Horeca,Other
CUST_000056,2025-08-26 15:18:12.843208,56,M,8609,Évora,Other,Silver,False,True,PT,1,46395.498023462,Horeca,Other
CUST_000057,2021-02-15 15:18:12.843208,34,F,9706,Évora,Other,Platinum,True,True,PT,1,200000.0,Retail,Other
CUST_000058,2025-05-16 15:18:12.843208,41,F,5804,Aveiro,Other,Gold,False,True,EN,2,83376.56090955216,Retail,Other
CUST_000059,2022-07-03 15:18:12.843208,48,M,1067,Évora,Other,Silver,False,True,PT,3,55319.819015826244,Horeca,Other
CUST_000060,2024-11-09 15:18:12.843208,56,M,6660,Braga,Other,Silver,True,True,PT,1,61872.05391731324,Horeca,Other
CUST_000061,2022-10-29 15:18:12.843208,39,M,5478,Évora,Other,Silver,False,True,PT,4,56505.40998192776,Retail,Other
CUST_000062,2021-09-28 15:18:12.843208,42,F,9210,Aveiro,Other,Platinum,True,True,EN,2,200000.0,Retail,Other
CUST_000063,2022-11-09 15:18:12.843208,31,M,4521,Faro,Other,Gold,True,True,PT,3,72908.2634590284,Retail,Other
CUST_000064,2025-06-02 15:18:12.843208,30,M,1572,Évora,Other,Platinum,True,False,PT,2,123720.82973200959,Retail,Other
CUST_000065,2021-02-26 15:18:12.843208,54,M,8082,Coimbra,Other,Bronze,False,False,PT,2,40996.6774401775,Horeca,Other
CUST_000066,2021-09-05 15:18:12.843208,61,F,8832,Braga,Other,Platinum,True,True,EN,3,200000.0,Retail,Other
CUST_000067,2024-04-23 15:18:12.843208,44,M,6395,Braga,Other,Bronze,True,False,PT,1,31453.227038695084,Horeca,Other
CUST_000068,2024-04-23 15:18:12.843208,57,F,3258,Coimbra,Other,Platinum,True,True,EN,1,129123.85179305932,Retail,Other
CUST_000069,2023-02-28 15:18:12.843208,49,F,7039,Coimbra,Other,Silver,True,True,PT,4,67267.71585050356,Horeca,Other
CUST_000070,2024-02-21 15:18:12.843208,37,M,1650,Évora,Other,Bronze,True,True,EN,5,37291.61834837016,Horeca,Other
CUST_000071,2022-02-24 15:18:12.843208,49,M,6741,Coimbra,Other,Gold,False,True,PT,2,85360.017390841,Horeca,Other
CUST_000072,2022-02-23 15:18:12.843208,63,F,7838,Faro,Other,Platinum,False,False,PT,2,162142.6566335913,Horeca,Other
CUST_000073,2022-11-11 15:18:12.843208,44,M,3587,Aveiro,Other,Silver,True,False,PT,3,59552.58986365209,Horeca,Other
CUST_000074,2021-06-19 15:18:12.843208,63,M,8876,Coimbra,Other,Platinum,False,True,EN,2,103606.03717400797,Retail,Other
CUST_000075,2023-04-13 15:18:12.843208,18,F,4262,Coimbra,Other,Gold,True,True,PT,1,71945.61731288327,Retail,Other
CUST_000076,2024-08-15 15:18:12.843208,54,F,2338,Faro,Other,Silver,False,True,PT,1,58964.579630612054,Horeca,Other
CUST_000077,2021-03-21 15:18:12.843208,46,M,5996,Braga,Other,Silver,True,True,PT,3,51468.6156130264,Horeca,Other
CUST_000078,2025-05-05 15:18:12.843208,41,F,6780,Braga,Other,Platinum,True,True,PT,3,171620.9796985137,Retail,Other
CUST_000079,2022-01-20 15:18:12.843208,46,M,3827,Évora,Other,Bronze,True,True,EN,1,39014.06768850313,Horeca,Other
CUST_000080,2023-01-13 15:18:12.843208,21,M,6232,Faro,Other,Bronze,False,False,PT,2,38562.43381645017,Horeca,Other
CUST_000081,2021-01-21 15:18:12.843208,42,M,3217,Aveiro,Other,Bronze,True,False,EN,2,24901.171684988294,Horeca,Other
CUST_000082,2023-06-01 15:18:12.843208,49,F,4539,Aveiro,Other,Gold,True,True,PT,3,73725.6255989509,Retail,Other
CUST_000083,2025-03-27 15:18:12.843208,62,M,8845,Faro,Other,Gold,True,False,EN,1,94169.75909279985,Retail,Other
CUST_000084,2022-11-18 15:18:12.843208,38,M,5383,Aveiro,Other,Gold,True,True,PT,1,74890.49151306077,Horeca,Other
CUST_000085,2021-11-07 15:18:12.843208,35,M,3961,Braga,Other,Silver,True,True,PT,4,71277.13845728934,Retail,Other
CUST_000086,2025-07-04 15:18:12.843208,38,F,4226,Aveiro,Other,Platinum,False,True,PT,1,200000.0,Retail,Other
CUST_000087,2023-12-29 15:18:12.843208,55,F,7837,Aveiro,Other,Platinum,False,False,PT,3,200000.0,Retail,Other
CUST_000088,2024-04-23 15:18:12.843208,48,F,8031,Faro,Other,Platinum,True,False,PT,2,196429.95765249647,Horeca,Other
CUST_000089,2024-09-17 15:18:12.843208,38,F,4716,Faro,Other,Silver,False,False,PT,1,55121.863500295905,Horeca,Other
CUST_000090,2022-08-06 15:18:12.843208,51,F,4414,Aveiro,Other,Gold,True,True,EN,2,107280.79968743336,Horeca,Other
CUST_000091,2021-01-10 15:18:12.843208,46,M,2448,Coimbra,Other,Bronze,False,False,PT,3,46799.114392067095,Horeca,Other
CUST_000092,2023-02-24 15:18:12.843208,56,F,1570,Faro,Other,Gold,False,True,EN,4,63325.53921507875,Horeca,Other
CUST_000093,2021-01-19 15:18:12.843208,36,F,3904,Évora,Other,Platinum,True,False,PT,4,200000.0,Retail,Other
CUST_000094,2025-01-04 15:18:12.843208,41,F,3505,Évora,Other,Platinum,False,True,PT,2,142510.45677073725,Horeca,Other
CUST_000095,2024-02-17 15:18:12.843208,40,M,1917,Braga,Other,Gold,True,True,PT,3,83514.68649245235,Retail,Other
CUST_000096,2025-04-01 15:18:12.843208,27,F,7982,Aveiro,Other,Bronze,True,True,EN,2,28346.517667187047,Horeca,Other
CUST_000097,2020-10-28 15:18:12.843208,48,F,8427,Coimbra,Other,Bronze,False,False,PT,2,39952.65093141369,Retail,Other
CUST_000098,2022-01-29 15:18:12.843208,48,M,7336,Braga,Other,Bronze,True,True,PT,4,20000.0,Horeca,Other
CUST_000099,2022-11-08 15:18:12.843208,45,F,2678,Aveiro,Other,Bronze,True,False,PT,1,20000.0,Horeca,Other
CUST_000100,2024-02-28 15:18:12.843208,42,M,1615,Faro,Other,Silver,True,True,PT,1,46456.88316030974,Horeca,Other
CUST_000101,2023-04-20 15:18:12.843208,28,M,8086,Évora,Other,Platinum,False,False,PT,2,114454.72964504277,Retail,Other
CUST_000102,2024-12-21 15:18:12.843208,39,M,5749,Coimbra,Other,Gold,True,False,EN,1,102598.64509629682,Retail,Other
CUST_000103,2021-02-15 15:18:12.843208,40,M,4505,Évora,Other,Silver,True,False,PT,1,66688.00077297215,Retail,Other
CUST_000104,2024-08-10 15:18:12.843208,35,M,5529,Faro,Other,Platinum,False,True,PT,3,200000.0,Horeca,Other
CUST_000105,2023-07-08 15:18:12.843208,43,F,2135,Aveiro,Other,Silver,False,True,EN,2,61488.49355324172,Horeca,Other
CUST_000106,2022-07-12 15:18:12.843208,49,M,9566,Faro,Other,Silver,True,True,EN,4,43252.28689684962,Horeca,Other
CUST_000107,2025-04-08 15:18:12.843208,67,M,8226,Faro,Other,Silver,True,False,EN,4,73966.32850186052,Retail,Other
CUST_000108,2021-07-18 15:18:12.843208,47,F,6162,Évora,Other,Platinum,True,True,PT,2,109318.9311061095,Retail,Other
CUST_000109,2024-07-04 15:18:12.843208,48,M,1206,Coimbra,Other,Silver,True,True,PT,2,50430.29529298434,Retail,Other
CUST_000110,2021-05-15 15:18:12.843208,44,F,5875,Faro,Other,Platinum,True,True,EN,2,115984.15052686929,Retail,Other
CUST_000111,2022-06-28 15:18:12.843208,21,F,2319,Évora,Other,Silver,False,True,PT,3,41656.59262139547,Horeca,Other
CUST_000112,2022-07-14 15:18:12.843208,44,F,2141,Coimbra,Other,Platinum,True,False,EN,2,130911.6339368926,Retail,Other
CUST_000113,2021-05-13 15:18:12.843208,45,M,5627,Aveiro,Other,Gold,True,True,PT,3,88483.99399344054,Horeca,Other
CUST_000114,2025-07-15 15:18:12.843208,74,M,8389,Aveiro,Other,Silver,True,False,EN,2,61312.51940865358,Horeca,Other
CUST_000115,2021-04-10 15:18:12.843208,42,M,3690,Braga,Other,Silver,False,True,PT,3,62422.89710560408,Horeca,Other
CUST_000116,2021-06-02 15:18:12.843208,48,F,8323,Évora,Other,Silver,True,True,PT,2,48675.20413611561,Horeca,Other
CUST_000117,2022-05-10 15:18:12.843208,44,M,4255,Coimbra,Other,Silver,False,True,PT,2,48129.10945530127,Horeca,Other
CUST_000118,2022-07-13 15:18:12.843208,30,M,9281,Faro,Other,Silver,True,True,PT,5,42025.03887905715,Horeca,Other
CUST_000119,2021-05-12 15:18:12.843208,58,M,6213,Aveiro,Other,Gold,True,True,PT,4,82453.8340972357,Horeca,Other
CUST_000120,2024-06-19 15:18:12.843208,54,F,5108,Coimbra,Other,Silver,True,False,PT,1,41396.217084193435,Horeca,Other
CUST_000121,2022-03-07 15:18:12.843208,54,F,4020,Évora,Other,Silver,True,True,EN,4,55964.59050670124,Horeca,Other
CUST_000122,2023-01-27 15:18:12.843208,34,M,2857,Braga,Other,Bronze,True,False,EN,2,27024.42419517044,Horeca,Other
CUST_000123,2025-09-14 15:18:12.843208,61,M,9996,Aveiro,Other,Bronze,True,True,PT,4,46338.79895317156,Horeca,Other
CUST_000124,2025-08-29 15:18:12.843208,28,M,3789,Coimbra,Other,Gold,True,True,EN,4,91916.10871056747,Retail,Other
CUST_000125,2024-10-18 15:18:12.843208,52,M,4875,Coimbra,Other,Platinum,False,False,EN,2,117159.2393279607,Horeca,Other
CUST_000126,2022-10-29 15:18:12.843208,71,F,8605,Coimbra,Other,Platinum,True,True,PT,1,200000.0,Horeca,Other
CUST_000127,2022-03-14 15:18:12.843208,33,F,9135,Évora,Other,Gold,False,True,PT,2,77751.8247439131,Horeca,Other
CUST_000128,2021-04-20 15:18:12.843208,38,F,7055,Évora,Other,Platinum,True,True,PT,3,123903.73991780421,Retail,Other
CUST_000129,2021-12-26 15:18:12.843208,46,F,4882,Évora,Other,Bronze,True,True,EN,3,36952.17726115777,Horeca,Other
CUST_000130,2021-11-29 15:18:12.843208,38,M,8175,Faro,Other,Platinum,True,False,EN,2,123887.70823595535,Horeca,Other
CUST_000131,2021-06-29 15:18:12.843208,26,M,8129,Coimbra,Other,Silver,True,True,PT,1,49896.41727015921,Horeca,Other
CUST_000132,2025-01-22 15:18:12.843208,45,M,6021,Aveiro,Other,Bronze,True,False,EN,4,20000.0,Horeca,Other
CUST_000133,2025-03-08 15:18:12.843208,32,F,5735,Évora,Other,Silver,True,False,EN,5,51887.28927089649,Horeca,Other
CUST_000134,2024-10-15 15:18:12.843208,50,M,3387,Évora,Other,Bronze,True,True,PT,3,31015.750754575107,Horeca,Other
CUST_000135,2024-08-20 15:18:12.843208,33,F,7582,Coimbra,Other,Bronze,True,False,PT,1,31511.99370292968,Horeca,Other
CUST_000136,2020-12-16 15:18:12.843208,63,F,6866,Évora,Other,Bronze,True,True,PT,2,29501.388817450792,Horeca,Other
CUST_000137,2023-08-23 15:18:12.843208,35,M,3566,Faro,Other,Gold,False,False,EN,1,75633.1477181849,Horeca,Other
CUST_000138,2021-12-24 15:18:12.843208,41,M,1975,Faro,Other,Silver,False,True,EN,5,52427.229429036495,Horeca,Other
CUST_000139,2021-06-24 15:18:12.843208,54,M,8212,Évora,Other,Silver,False,False,PT,1,69920.7003860779,Horeca,Other
CUST_000140,2025-05-23 15:18:12.843208,30,F,2262,Coimbra,Other,Bronze,False,True,EN,3,39846.41709945709,Horeca,Other
CUST_000141,2021-11-14 15:18:12.843208,47,M,6047,Coimbra,Other,Gold,True,True,PT,2,88050.67595158046,Horeca,Other
CUST_000142,2025-06-10 15:18:12.843208,60,F,8382,Coimbra,Other,Platinum,True,False,PT,3,116613.99657733947,Horeca,Other
CUST_000143,2024-06-27 15:18:12.843208,25,M,7231,Braga,Other,Platinum,False,False,PT,3,143229.1383735124,Horeca,Other
CUST_000144,2022-08-16 15:18:12.843208,47,F,4327,Évora,Other,Silver,True,True,PT,4,57329.94237948996,Horeca,Other
CUST_000145,2022-02-16 15:18:12.843208,48,F,6630,Coimbra,Other,Silver,True,True,EN,2,68307.55054929826,Horeca,Other
CUST_000146,2022-08-23 15:18:12.843208,54,M,3259,Faro,Other,Platinum,True,False,PT,1,191213.72310903156,Retail,Other
CUST_000147,2025-03-31 15:18:12.843208,30,F,2257,Aveiro,Other,Bronze,True,False,PT,1,43944.37352390364,Horeca,Other
CUST_000148,2020-10-08 15:18:12.843208,29,F,1464,Aveiro,Other,Silver,True,False,PT,5,44744.55185922413,Horeca,Other
CUST_000149,2020-10-12 15:18:12.843208,51,M,4294,Coimbra,Other,Bronze,False,False,EN,4,35088.41408368758,Horeca,Other
CUST_000150,2021-11-06 15:18:12.843208,48,F,7774,Aveiro,Other,Gold,True,False,EN,3,87922.97036437235,Horeca,Other
CUST_000151,2023-08-09 15:18:12.843208,48,M,8431,Aveiro,Other,Silver,True,False,PT,3,57826.369525312846,Horeca,Other
CUST_000152,2021-01-05 15:18:12.843208,49,F,2230,Braga,Other,Bronze,False,True,PT,3,20000.0,Horeca,Other
CUST_000153,2024-07-11 15:18:12.843208,36,M,4805,Faro,Other,Silver,True,True,PT,1,64088.65519652097,Horeca,Other
CUST_000154,2024-04-16 15:18:12.843208,47,M,7419,Faro,Other,Silver,True,False,EN,5,54042.65676933393,Horeca,Other
CUST_000155,2023-11-15 15:18:12.843208,48,F,6750,Braga,Other,Bronze,True,False,PT,2,20000.0,Horeca,Other
CUST_000156,2024-02-24 15:18:12.843208,36,F,4856,Braga,Other,Platinum,False,True,PT,2,116342.16436589861,Retail,Other
CUST_000157,2023-10-29 15:18:12.843208,67,F,4135,Aveiro,Other,Gold,False,True,PT,3,89772.83865344377,Retail,Other
CUST_000158,2021-02-02 15:18:12.843208,50,F,7953,Évora,Other,Silver,True,False,PT,1,68028.40943986303,Horeca,Other
CUST_000159,2021-09-16 15:18:12.843208,30,F,7034,Aveiro,Other,Silver,False,True,EN,1,64914.59452571788,Retail,Other
CUST_000160,2024-01-12 15:18:12.843208,52,M,5589,Braga,Other,Gold,True,True,PT,3,80622.30501233113,Retail,Other
CUST_000161,2025-04-26 15:18:12.843208,33,F,2546,Faro,Other,Silver,False,True,EN,1,76024.57792619137,Retail,Other
CUST_000162,2025-02-13 15:18:12.843208,54,M,7065,Aveiro,Other,Bronze,False,True,PT,3,41174.40601483207,Horeca,Other
CUST_000163,2021-01-26 15:18:12.843208,58,M,2094,Évora,Other,Silver,False,True,PT,2,62300.49523357484,Horeca,Other
CUST_000164,2024-03-27 15:18:12.843208,35,F,3411,Aveiro,Other,Platinum,True,True,PT,2,166918.27198003806,Retail,Other
CUST_000165,2022-02-16 15:18:12.843208,56,M,3617,Coimbra,Other,Gold,False,True,PT,2,75185.12966478991,Retail,Other
CUST_000166,2021-12-12 15:18:12.843208,49,M,9954,Aveiro,Other,Platinum,False,False,EN,2,161030.1515278019,Retail,Other
CUST_000167,2023-10-22 15:18:12.843208,54,M,5145,Braga,Other,Gold,True,True,PT,3,78983.65111014592,Retail,Other
CUST_000168,2024-11-04 15:18:12.843208,67,M,3775,Faro,Other,Bronze,False,False,PT,2,24702.47543634758,Horeca,Other
CUST_000169,2024-02-19 15:18:12.843208,42,F,7628,Faro,Other,Bronze,True,False,EN,3,31287.15766150548,Horeca,Other
CUST_000170,2023-02-10 15:18:12.843208,35,M,4155,Braga,Other,Bronze,False,True,EN,2,23028.27303490656,Horeca,Other
CUST_000171,2024-11-12 15:18:12.843208,34,F,4970,Coimbra,Other,Gold,True,False,PT,3,78560.67732619516,Retail,Other
CUST_000172,2022-01-05 15:18:12.843208,35,F,8972,Braga,Other,Platinum,False,True,EN,5,150108.6207499032,Retail,Other
CUST_000173,2023-07-20 15:18:12.843208,44,M,9775,Aveiro,Other,Bronze,True,False,PT,3,41804.308267035034,Horeca,Other
CUST_000174,2024-08-18 15:18:12.843208,49,F,6415,Braga,Other,Gold,True,True,PT,2,100356.31205151741,Retail,Other
CUST_000175,2021-07-18 15:18:12.843208,48,F,5331,Braga,Other,Bronze,True,False,PT,1,28719.286077251367,Horeca,Other
CUST_000176,2021-05-08 15:18:12.843208,54,F,2942,Coimbra,Other,Gold,True,False,EN,2,72127.10377117642,Retail,Other
CUST_000177,2025-07-10 15:18:12.843208,45,M,7026,Aveiro,Other,Platinum,True,True,PT,3,178728.55634529324,Horeca,Other
CUST_000178,2023-03-31 15:18:12.843208,62,F,9301,Évora,Other,Gold,True,True,PT,1,74830.1715075699,Horeca,Other
CUST_000179,2023-09-14 15:18:12.843208,41,F,1191,Évora,Other,Silver,True,False,EN,2,60501.716823546754,Horeca,Other
CUST_000180,2023-04-14 15:18:12.843208,77,F,1861,Faro,Other,Silver,True,False,PT,3,48470.43584144179,Horeca,Other
CUST_000181,2021-01-09 15:18:12.843208,52,M,7711,Braga,Other,Gold,True,True,PT,2,85589.8524446232,Horeca,Other
CUST_000182,2023-07-23 15:18:12.843208,34,F,1649,Faro,Other,Platinum,False,False,PT,4,200000.0,Horeca,Other
CUST_000183,2024-08-06 15:18:12.843208,32,M,5134,Coimbra,Other,Silver,True,True,EN,1,71114.50034924928,Horeca,Other
CUST_000184,2022-02-01 15:18:12.843208,50,M,8587,Évora,Other,Platinum,False,False,PT,1,200000.0,Horeca,Other
CUST_000185,2023-04-09 15:18:12.843208,42,M,9828,Braga,Other,Bronze,False,True,EN,3,20000.0,Horeca,Other
CUST_000186,2022-05-10 15:18:12.843208,53,M,2036,Coimbra,Other,Silver,True,False,EN,2,52486.034066558095,Horeca,Other
CUST_000187,2021-05-11 15:18:12.843208,50,M,5131,Coimbra,Other,Bronze,True,True,PT,3,23074.722064837366,Horeca,Other
CUST_000188,2022-05-14 15:18:12.843208,44,M,3148,Braga,Other,Gold,False,True,PT,2,75602.88226735771,Horeca,Other
CUST_000189,2021-07-30 15:18:12.843208,34,F,6457,Coimbra,Other,Gold,True,True,EN,2,92552.14087858066,Retail,Other
CUST_000190,2022-04-08 15:18:12.843208,26,M,7079,Braga,Other,Gold,True,True,EN,4,75305.39523790733,Retail,Other
CUST_000191,2023-07-22 15:18:12.843208,39,F,3430,Braga,Other,Gold,True,True,EN,4,76221.12456552399,Horeca,Other
CUST_000192,2021-04-16 15:18:12.843208,55,F,2879,Aveiro,Other,Bronze,False,True,EN,3,33592.24558702853,Horeca,Other
CUST_000193,2023-07-24 15:18:12.843208,47,M,8542,Faro,Other,Bronze,True,False,EN,2,33882.52531612486,Horeca,Other
CUST_000194,2025-04-03 15:18:12.843208,30,F,3011,Coimbra,Other,Gold,True,True,EN,3,73765.19325840836,Retail,Other
CUST_000195,2024-08-31 15:18:12.843208,47,F,4373,Coimbra,Other,Bronze,False,True,PT,2,28533.038252718463,Horeca,Other
CUST_000196,2024-09-19 15:18:12.843208,49,F,8357,Aveiro,Other,Gold,False,True,PT,1,82645.54943198143,Horeca,Other
CUST_000197,2024-07-21 15:18:12.843208,34,F,2289,Sintra,Lisbon,Platinum,True,True,PT,5,159505.19126155248,Horeca,Lisbon
CUST_000198,2023-07-30 15:18:12.843208,46,M,2447,Sintra,Lisbon,Silver,True,True,PT,1,60444.55103296251,Retail,Lisbon
CUST_000199,2022-04-29 15:18:12.843208,45,F,4199,Lisboa,Lisbon,Silver,False,True,EN,5,71910.07580068185,Horeca,Lisbon
CUST_000200,2025-08-03 15:18:12.843208,31,M,7381,Lisboa,Lisbon,Bronze,True,True,PT,2,43376.58544671317,Horeca,Lisbon
CUST_000201,2025-07-14 15:18:12.843208,49,F,8522,Cascais,Lisbon,Platinum,True,True,PT,1,131721.7482741114,Retail,Lisbon
CUST_000202,2023-07-01 15:18:12.843208,51,F,7059,Lisboa,Lisbon,Platinum,True,True,PT,3,168902.17902672154,Retail,Lisbon
CUST_000203,2023-09-18 15:18:12.843208,57,M,4183,Sintra,Lisbon,Platinum,False,True,PT,4,150866.32743495796,Horeca,Lisbon
CUST_000204,2024-02-06 15:18:12.843208,57,F,6462,Sintra,Lisbon,Bronze,True,True,PT,3,20000.0,Horeca,Lisbon
CUST_000205,2023-10-19 15:18:12.843208,28,F,4216,Lisboa,Lisbon,Bronze,False,True,PT,4,20000.0,Horeca,Lisbon
CUST_000206,2022-08-18 15:18:12.843208,33,F,4136,Oeiras,Lisbon,Platinum,False,False,EN,3,129814.7128629537,Retail,Lisbon
CUST_000207,2021-01-29 15:18:12.843208,51,M,4318,Cascais,Lisbon,Bronze,True,True,PT,3,20000.0,Horeca,Lisbon
CUST_000208,2025-03-24 15:18:12.843208,51,F,3782,Oeiras,Lisbon,Silver,True,False,PT,4,46145.50626521554,Retail,Lisbon
CUST_000209,2024-07-25 15:18:12.843208,51,M,8657,Cascais,Lisbon,Bronze,True,True,PT,2,48035.3521600482,Horeca,Lisbon
CUST_000210,2023-11-19 15:18:12.843208,80,F,5920,Oeiras,Lisbon,Platinum,True,False,PT,2,135016.26203169636,Retail,Lisbon
CUST_000211,2023-07-30 15:18:12.843208,51,M,7324,Lisboa,Lisbon,Silver,True,False,EN,2,71921.3640925526,Horeca,Lisbon
CUST_000212,2022-03-09 15:18:12.843208,58,M,7327,Cascais,Lisbon,Platinum,False,True,PT,5,200000.0,Retail,Lisbon
CUST_000213,2023-06-30 15:18:12.843208,56,F,9417,Cascais,Lisbon,Bronze,True,False,PT,5,37151.27170832643,Horeca,Lisbon
CUST_000214,2021-05-04 15:18:12.843208,52,F,1776,Cascais,Lisbon,Silver,False,True,PT,1,62479.57779390154,Horeca,Lisbon
CUST_000215,2023-12-11 15:18:12.843208,41,M,6208,Sintra,Lisbon,Gold,True,True,PT,3,73639.64294893382,Retail,Lisbon
CUST_000216,2025-07-21 15:18:12.843208,54,M,1687,Sintra,Lisbon,Gold,True,False,EN,5,98153.45711984688,Horeca,Lisbon
CUST_000217,2024-10-21 15:18:12.843208,35,F,1529,Oeiras,Lisbon,Platinum,True,False,PT,1,174966.00551975938,Retail,Lisbon
CUST_000218,2022-12-20 15:18:12.843208,42,M,6067,Lisboa,Lisbon,Silver,True,True,PT,3,63149.53436050239,Horeca,Lisbon
CUST_000219,2023-02-07 15:18:12.843208,39,F,9080,Sintra,Lisbon,Gold,False,True,PT,5,84182.67705566662,Retail,Lisbon
CUST_000220,2021-10-29 15:18:12.843208,45,F,6518,Cascais,Lisbon,Bronze,True,True,PT,1,20000.0,Horeca,Lisbon
CUST_000221,2021-04-09 15:18:12.843208,72,F,3153,Sintra,Lisbon,Silver,True,True,PT,3,40550.21592902307,Horeca,Lisbon
CUST_000222,2020-10-27 15:18:12.843208,22,F,7094,Lisboa,Lisbon,Gold,True,False,PT,2,69613.30186602625,Horeca,Lisbon
CUST_000223,2023-04-19 15:18:12.843208,53,M,7974,Sintra,Lisbon,Bronze,True,True,EN,5,37904.54446424541,Horeca,Lisbon
CUST_000224,2025-08-20 15:18:12.843208,25,F,5774,Cascais,Lisbon,Silver,True,True,PT,5,40337.053413921145,Retail,Lisbon
CUST_000225,2021-03-26 15:18:12.843208,39,M,8692,Oeiras,Lisbon,Bronze,True,True,PT,5,28261.970755767394,Horeca,Lisbon
CUST_000226,2023-09-05 15:18:12.843208,58,F,4103,Cascais,Lisbon,Silver,False,True,PT,2,62677.511431722996,Horeca,Lisbon
CUST_000227,2023-04-18 15:18:12.843208,45,M,3440,Lisboa,Lisbon,Platinum,True,True,PT,4,109079.08303001156,Retail,Lisbon
CUST_000228,2023-07-30 15:18:12.843208,32,F,5135,Oeiras,Lisbon,Bronze,False,False,PT,4,20000.0,Horeca,Lisbon
CUST_000229,2021-06-19 15:18:12.843208,36,M,8124,Sintra,Lisbon,Bronze,True,False,EN,2,20000.0,Horeca,Lisbon
CUST_000230,2023-11-06 15:18:12.843208,53,M,6201,Sintra,Lisbon,Silver,True,False,PT,4,60758.85593994108,Horeca,Lisbon
CUST_000231,2022-04-25 15:18:12.843208,36,F,1844,Sintra,Lisbon,Gold,True,True,EN,1,80310.06303230845,Retail,Lisbon
CUST_000232,2022-02-17 15:18:12.843208,47,F,1446,Oeiras,Lisbon,Silver,True,False,PT,3,49739.33425001488,Horeca,Lisbon
CUST_000233,2024-02-16 15:18:12.843208,45,F,4915,Cascais,Lisbon,Gold,True,False,EN,2,86090.26049512275,Horeca,Lisbon
CUST_000234,2022-02-27 15:18:12.843208,37,F,4109,Oeiras,Lisbon,Bronze,True,False,PT,1,21700.777725681823,Horeca,Lisbon
CUST_000235,2024-12-06 15:18:12.843208,70,M,2234,Oeiras,Lisbon,Gold,True,True,PT,1,73744.3775307298,Horeca,Lisbon
CUST_000236,2025-07-07 15:18:12.843208,52,F,7587,Lisboa,Lisbon,Bronze,True,True,EN,3,27757.372525408977,Horeca,Lisbon
CUST_000237,2025-07-20 15:18:12.843208,20,M,1226,Oeiras,Lisbon,Bronze,True,True,PT,2,35628.16178024393,Horeca,Lisbon
CUST_000238,2021-08-21 15:18:12.843208,47,M,5143,Sintra,Lisbon,Gold,False,True,PT,3,74098.90967071269,Horeca,Lisbon
CUST_000239,2022-08-18 15:18:12.843208,37,F,8185,Cascais,Lisbon,Bronze,True,True,EN,1,20000.0,Horeca,Lisbon
CUST_000240,2023-09-03 15:18:12.843208,55,M,6558,Cascais,Lisbon,Platinum,True,True,PT,2,157609.87368980199,Horeca,Lisbon
CUST_000241,2022-02-01 15:18:12.843208,35,M,1186,Cascais,Lisbon,Platinum,True,True,PT,3,117504.31100536659,Horeca,Lisbon
CUST_000242,2023-03-08 15:18:12.843208,43,M,3535,Sintra,Lisbon,Gold,True,False,PT,4,84962.44977208573,Horeca,Lisbon
CUST_000243,2022-10-25 15:18:12.843208,51,M,2932,Sintra,Lisbon,Silver,True,True,EN,2,67907.0706703233,Horeca,Lisbon
CUST_000244,2022-03-09 15:18:12.843208,55,F,3032,Sintra,Lisbon,Silver,True,True,EN,3,68185.70214986922,Horeca,Lisbon
CUST_000245,2021-02-28 15:18:12.843208,30,F,2252,Sintra,Lisbon,Gold,True,False,EN,4,78351.12251323953,Horeca,Lisbon
CUST_000246,2025-05-10 15:18:12.843208,40,F,6509,Sintra,Lisbon,Gold,True,False,EN,3,85550.47229437373,Retail,Lisbon
CUST_000247,2022-05-06 15:18:12.843208,39,F,6074,Oeiras,Lisbon,Bronze,True,False,EN,2,40378.98751516142,Horeca,Lisbon
CUST_000248,2021-02-25 15:18:12.843208,37,M,2881,Sintra,Lisbon,Bronze,True,False,PT,1,45676.49014518194,Horeca,Lisbon
CUST_000249,2024-01-14 15:18:12.843208,66,M,1269,Sintra,Lisbon,Silver,True,True,PT,4,62866.800351628524,Horeca,Lisbon
CUST_000250,2020-11-18 15:18:12.843208,49,F,2630,Sintra,Lisbon,Silver,True,False,PT,1,53837.95845601941,Horeca,Lisbon
CUST_000251,2023-03-23 15:18:12.843208,29,F,5405,Sintra,Lisbon,Bronze,True,True,PT,4,20632.541560966223,Horeca,Lisbon
CUST_000252,2024-05-24 15:18:12.843208,56,F,7139,Cascais,Lisbon,Platinum,False,True,EN,3,200000.0,Retail,Lisbon
CUST_000253,2021-04-18 15:18:12.843208,70,M,2574,Sintra,Lisbon,Silver,True,True,EN,5,49996.97364100153,Horeca,Lisbon
CUST_000254,2021-10-30 15:18:12.843208,57,F,2695,Oeiras,Lisbon,Platinum,True,True,PT,4,150345.3837159347,Horeca,Lisbon
CUST_000255,2022-07-15 15:18:12.843208,26,F,4258,Oeiras,Lisbon,Platinum,True,True,EN,5,100273.18382304357,Horeca,Lisbon
CUST_000256,2023-10-27 15:18:12.843208,39,F,4262,Oeiras,Lisbon,Gold,False,False,PT,2,90450.47401102046,Horeca,Lisbon
CUST_000257,2023-09-24 15:18:12.843208,60,M,2445,Lisboa,Lisbon,Silver,True,False,PT,4,52825.463672154016,Horeca,Lisbon
CUST_000258,2022-03-15 15:18:12.843208,36,M,7263,Cascais,Lisbon,Silver,True,True,PT,2,59157.121884722204,Horeca,Lisbon
CUST_000259,2024-05-19 15:18:12.843208,50,M,9411,Sintra,Lisbon,Platinum,True,True,PT,2,181632.75160853987,Horeca,Lisbon
CUST_000260,2023-06-14 15:18:12.843208,54,M,1052,Lisboa,Lisbon,Platinum,True,False,PT,3,181981.21036336868,Horeca,Lisbon
CUST_000261,2023-11-04 15:18:12.843208,33,M,6570,Sintra,Lisbon,Silver,True,False,PT,4,41357.54687878066,Horeca,Lisbon
CUST_000262,2023-04-04 15:18:12.843208,44,M,8579,Lisboa,Lisbon,Bronze,True,True,PT,5,44434.97081111901,Horeca,Lisbon
CUST_000263,2023-02-04 15:18:12.843208,18,M,2666,Lisboa,Lisbon,Gold,False,False,PT,4,66753.26473370122,Horeca,Lisbon
CUST_000264,2025-06-13 15:18:12.843208,32,M,7901,Oeiras,Lisbon,Silver,True,True,PT,2,54678.24563886694,Horeca,Lisbon
CUST_000265,2020-10-08 15:18:12.843208,41,F,3785,Oeiras,Lisbon,Gold,False,True,PT,2,77819.50790485243,Retail,Lisbon
CUST_000266,2021-11-25 15:18:12.843208,30,F,1719,Lisboa,Lisbon,Platinum,False,False,PT,3,145939.10355113514,Horeca,Lisbon
CUST_000267,2025-05-25 15:18:12.843208,64,M,9597,Oeiras,Lisbon,Platinum,True,True,PT,2,108626.3844046605,Retail,Lisbon
CUST_000268,2022-09-29 15:18:12.843208,27,M,7855,Lisboa,Lisbon,Gold,True,True,PT,1,84646.49548725749,Horeca,Lisbon
CUST_000269,2024-06-24 15:18:12.843208,39,F,3294,Cascais,Lisbon,Platinum,True,False,PT,2,118946.06170561146,Retail,Lisbon
CUST_000270,2021-03-21 15:18:12.843208,46,M,9263,Oeiras,Lisbon,Silver,True,False,EN,2,48518.39650133287,Horeca,Lisbon
CUST_000271,2021-01-10 15:18:12.843208,62,M,5482,Oeiras,Lisbon,Bronze,True,True,PT,2,31419.05735989555,Horeca,Lisbon
CUST_000272,2024-01-09 15:18:12.843208,27,M,1698,Oeiras,Lisbon,Bronze,False,True,PT,2,27939.989991857557,Horeca,Lisbon
CUST_000273,2022-01-13 15:18:12.843208,58,F,8243,Cascais,Lisbon,Bronze,False,True,PT,1,48239.39558397455,Horeca,Lisbon
CUST_000274,2023-12-03 15:18:12.843208,45,F,6918,Évora,Other,Platinum,True,False,EN,1,131530.11500795675,Horeca,Other
CUST_000275,2022-12-29 15:18:12.843208,33,F,1348,Faro,Other,Bronze,True,True,PT,5,20000.0,Horeca,Other
CUST_000276,2025-03-29 15:18:12.843208,50,F,6374,Évora,Other,Bronze,False,True,PT,2,20000.0,Horeca,Other
CUST_000277,2023-10-31 15:18:12.843208,47,F,8869,Coimbra,Other,Platinum,False,False,PT,2,115056.08975824373,Horeca,Other
CUST_000278,2022-10-22 15:18:12.843208,37,M,1307,Évora,Other,Gold,False,True,PT,3,83528.5466882716,Horeca,Other
CUST_000279,2022-01-08 15:18:12.843208,45,F,4416,Faro,Other,Silver,True,True,PT,2,56184.12716015134,Horeca,Other
CUST_000280,2022-10-22 15:18:12.843208,40,M,5820,Faro,Other,Gold,True,True,PT,5,107915.58402722033,Retail,Other
CUST_000281,2024-05-08 15:18:12.843208,46,M,4558,Évora,Other,Bronze,True,False,PT,4,35711.0040703822,Horeca,Other
CUST_000282,2023-05-18 15:18:12.843208,52,F,5478,Évora,Other,Gold,True,True,EN,1,74934.55879146003,Retail,Other
CUST_000283,2023-07-06 15:18:12.843208,64,F,7531,Évora,Other,Platinum,True,True,PT,2,167082.41539592636,Horeca,Other
CUST_000284,2023-11-05 15:18:12.843208,30,M,5620,Aveiro,Other,Platinum,True,False,EN,4,116626.9831156427,Horeca,Other
CUST_000285,2021-02-27 15:18:12.843208,70,M,3985,Faro,Other,Platinum,True,True,PT,5,200000.0,Horeca,Other
CUST_000286,2021-10-25 15:18:12.843208,21,M,9112,Faro,Other,Platinum,True,True,EN,2,113957.09819948819,Horeca,Other
CUST_000287,2021-04-05 15:18:12.843208,43,F,9467,Aveiro,Other,Bronze,True,True,EN,3,31119.09543025678,Horeca,Other
CUST_000288,2024-03-26 15:18:12.843208,52,F,3547,Évora,Other,Gold,True,True,EN,1,70083.71634653567,Horeca,Other
CUST_000289,2022-07-11 15:18:12.843208,48,F,1336,Coimbra,Other,Silver,True,True,EN,5,46006.11227466996,Horeca,Other
CUST_000290,2025-07-31 15:18:12.843208,37,F,3979,Évora,Other,Platinum,True,True,PT,2,106342.79866618871,Horeca,Other
CUST_000291,2023-08-26 15:18:12.843208,42,F,4968,Évora,Other,Bronze,True,True,PT,5,26417.91734129613,Horeca,Other
CUST_000292,2021-10-23 15:18:12.843208,39,M,1910,Aveiro,Other,Bronze,False,True,PT,3,36255.13384470679,Horeca,Other
CUST_000293,2025-06-19 15:18:12.843208,37,F,2996,Faro,Other,Bronze,True,False,EN,3,41108.929558953736,Horeca,Other
CUST_000294,2025-01-19 15:18:12.843208,55,M,4129,Porto,Oporto,Gold,True,False,EN,3,80128.02176898187,Retail,Oporto
CUST_000295,2020-12-06 15:18:12.843208,49,M,6447,Gondomar,Oporto,Gold,True,False,EN,2,85179.40116107228,Horeca,Oporto
CUST_000296,2021-01-21 15:18:12.843208,36,M,7129,Porto,Oporto,Silver,False,False,EN,1,48162.64480804462,Retail,Oporto
CUST_000297,2020-12-03 15:18:12.843208,55,F,6850,Vila Nova de Gaia,Oporto,Gold,True,True,PT,2,61748.82178714272,Horeca,Oporto
CUST_000298,2021-02-03 15:18:12.843208,48,F,5204,Matosinhos,Oporto,Silver,True,False,EN,1,61802.78284923786,Retail,Oporto
CUST_000299,2022-05-14 15:18:12.843208,54,F,8446,Gondomar,Oporto,Gold,True,True,PT,4,75618.34496236646,Retail,Oporto
CUST_000300,2024-08-13 15:18:12.843208,52,M,9519,Vila Nova de Gaia,Oporto,Bronze,True,False,EN,2,20000.0,Horeca,Oporto
CUST_000301,2023-01-04 15:18:12.843208,35,M,1314,Vila Nova de Gaia,Oporto,Gold,True,False,EN,1,94717.86193418852,Retail,Oporto
CUST_000302,2024-11-26 15:18:12.843208,38,M,2134,Gondomar,Oporto,Platinum,True,False,PT,5,126422.59504683023,Retail,Oporto
CUST_000303,2022-02-01 15:18:12.843208,53,M,5876,Gondomar,Oporto,Silver,False,False,PT,4,59294.94072120795,Retail,Oporto
CUST_000304,2025-02-02 15:18:12.843208,52,M,9102,Vila Nova de Gaia,Oporto,Gold,True,True,EN,5,76561.15461171146,Retail,Oporto
CUST_000305,2021-02-04 15:18:12.843208,44,M,9347,Porto,Oporto,Platinum,False,True,EN,5,120801.63456260861,Retail,Oporto
CUST_000306,2020-11-08 15:18:12.843208,46,F,6592,Vila Nova de Gaia,Oporto,Silver,False,True,PT,1,67762.52695706206,Retail,Oporto
CUST_000307,2025-08-19 15:18:12.843208,60,F,2724,Gondomar,Oporto,Platinum,True,True,EN,2,132308.77996223184,Retail,Oporto
CUST_000308,2023-05-20 15:18:12.843208,37,F,4343,Vila Nova de Gaia,Oporto,Silver,False,True,EN,4,57816.63203460317,Horeca,Oporto
CUST_000309,2025-03-20 15:18:12.843208,51,F,1886,Porto,Oporto,Bronze,True,False,PT,3,31704.30412018039,Horeca,Oporto
CUST_000310,2025-03-26 15:18:12.843208,42,M,1721,Matosinhos,Oporto,Platinum,True,False,PT,1,103573.9275154751,Retail,Oporto
CUST_000311,2021-05-31 15:18:12.843208,42,M,8678,Matosinhos,Oporto,Silver,True,True,PT,4,61733.8696932565,Horeca,Oporto
CUST_000312,2025-03-31 15:18:12.843208,58,F,4357,Vila Nova de Gaia,Oporto,Platinum,True,False,PT,2,104940.46179267605,Horeca,Oporto
CUST_000313,2022-08-30 15:18:12.843208,54,M,1870,Porto,Oporto,Platinum,True,False,PT,2,105277.35028705117,Retail,Oporto
CUST_000314,2022-04-05 15:18:12.843208,54,F,7751,Matosinhos,Oporto,Silver,True,False,PT,3,51282.965876052185,Horeca,Oporto
CUST_000315,2022-10-16 15:18:12.843208,60,F,1497,Vila Nova de Gaia,Oporto,Silver,True,False,PT,3,64536.55060297134,Horeca,Oporto
CUST_000316,2024-09-08 15:18:12.843208,45,F,2756,Vila Nova de Gaia,Oporto,Gold,True,True,PT,3,94160.69060453589,Retail,Oporto
CUST_000317,2022-03-20 15:18:12.843208,53,M,2117,Porto,Oporto,Bronze,True,False,EN,1,30848.436176637104,Horeca,Oporto
CUST_000318,2024-05-07 15:18:12.843208,41,F,3828,Gondomar,Oporto,Bronze,True,False,PT,4,32967.95775152599,Horeca,Oporto
CUST_000319,2023-03-30 15:18:12.843208,48,F,2647,Vila Nova de Gaia,Oporto,Silver,True,True,PT,2,58437.98849989592,Horeca,Oporto
CUST_000320,2022-04-23 15:18:12.843208,43,F,7992,Gondomar,Oporto,Platinum,True,True,PT,1,169798.58456819953,Retail,Oporto
CUST_000321,2024-06-23 15:18:12.843208,46,M,7771,Gondomar,Oporto,Bronze,False,False,PT,4,35029.14769990847,Horeca,Oporto
CUST_000322,2020-11-07 15:18:12.843208,52,M,1142,Matosinhos,Oporto,Silver,True,True,PT,5,52651.58919697186,Horeca,Oporto
CUST_000323,2023-03-25 15:18:12.843208,35,F,3761,Gondomar,Oporto,Silver,False,False,EN,4,64237.74558245016,Horeca,Oporto
CUST_000324,2023-09-22 15:18:12.843208,70,M,4435,Porto,Oporto,Gold,True,False,PT,4,71114.41767898749,Horeca,Oporto
CUST_000325,2022-08-24 15:18:12.843208,32,M,7622,Matosinhos,Oporto,Gold,True,True,EN,3,89740.20452391141,Horeca,Oporto
CUST_000326,2021-06-07 15:18:12.843208,30,M,8069,Matosinhos,Oporto,Platinum,True,True,PT,3,200000.0,Horeca,Oporto
CUST_000327,2021-09-10 15:18:12.843208,58,M,5512,Matosinhos,Oporto,Bronze,True,False,EN,1,33975.54338344295,Horeca,Oporto
CUST_000328,2025-02-11 15:18:12.843208,54,M,2848,Vila Nova de Gaia,Oporto,Bronze,True,True,PT,2,20000.0,Horeca,Oporto
CUST_000329,2025-03-03 15:18:12.843208,52,M,3696,Vila Nova de Gaia,Oporto,Gold,False,True,EN,2,76380.05269746025,Horeca,Oporto
CUST_000330,2024-03-26 15:18:12.843208,52,M,2717,Gondomar,Oporto,Silver,True,True,PT,2,37193.83523221111,Horeca,Oporto
CUST_000331,2022-06-19 15:18:12.843208,44,M,4072,Matosinhos,Oporto,Silver,False,True,PT,3,44518.973134483516,Horeca,Oporto
CUST_000332,2022-10-02 15:18:12.843208,34,M,3786,Matosinhos,Oporto,Platinum,False,False,EN,2,164752.45663456272,Retail,Oporto
CUST_000333,2024-04-30 15:18:12.843208,45,M,4791,Porto,Oporto,Gold,False,True,PT,1,74413.16696913063,Horeca,Oporto
CUST_000334,2023-06-26 15:18:12.843208,36,F,4871,Gondomar,Oporto,Platinum,False,False,PT,2,200000.0,Retail,Oporto
CUST_000335,2023-04-08 15:18:12.843208,56,F,2806,Porto,Oporto,Gold,True,True,EN,3,91620.39302265483,Retail,Oporto
CUST_000336,2022-06-22 15:18:12.843208,43,M,2504,Gondomar,Oporto,Platinum,True,True,PT,1,143224.99758716396,Retail,Oporto
CUST_000337,2022-11-20 15:18:12.843208,35,F,4308,Gondomar,Oporto,Silver,True,False,EN,4,45932.145442300534,Horeca,Oporto
CUST_000338,2024-05-18 15:18:12.843208,41,F,8117,Vila Nova de Gaia,Oporto,Silver,True,False,PT,2,61164.95387225821,Horeca,Oporto
CUST_000339,2022-05-24 15:18:12.843208,49,M,6048,Vila Nova de Gaia,Oporto,Silver,True,True,PT,2,59216.646792737825,Horeca,Oporto
CUST_000340,2022-12-07 15:18:12.843208,38,M,9263,Porto,Oporto,Silver,False,True,PT,3,52595.55173404429,Horeca,Oporto
CUST_000341,2024-01-08 15:18:12.843208,35,M,2690,Faro,Other,Silver,True,True,PT,4,62360.382414938846,Retail,Other
CUST_000342,2022-08-06 15:18:12.843208,47,F,4303,Aveiro,Other,Silver,True,True,EN,2,67068.62727905675,Retail,Other
CUST_000343,2024-07-08 15:18:12.843208,47,F,4113,Évora,Other,Silver,True,False,EN,3,46856.96157035951,Horeca,Other
CUST_000344,2021-03-26 15:18:12.843208,38,M,8850,Coimbra,Other,Platinum,True,True,PT,3,131435.98903098007,Retail,Other
CUST_000345,2025-01-29 15:18:12.843208,39,M,7416,Faro,Other,Bronze,True,True,PT,2,20000.0,Horeca,Other
CUST_000346,2025-01-03 15:18:12.843208,47,M,2504,Évora,Other,Bronze,False,True,PT,4,46667.71174768262,Horeca,Other
CUST_000347,2025-02-25 15:18:12.843208,27,F,9924,Faro,Other,Gold,True,False,PT,4,88272.70121652295,Retail,Other
CUST_000348,2025-05-04 15:18:12.843208,28,F,4924,Coimbra,Other,Platinum,True,False,PT,3,134538.77420253577,Retail,Other
CUST_000349,2023-06-01 15:18:12.843208,36,F,9615,Évora,Other,Bronze,True,True,PT,4,30247.549217852018,Horeca,Other
CUST_000350,2022-03-21 15:18:12.843208,42,F,5485,Coimbra,Other,Platinum,True,False,PT,4,135035.16009104482,Retail,Other
CUST_000351,2022-09-14 15:18:12.843208,48,M,9100,Braga,Other,Bronze,True,True,PT,3,24093.40578684564,Horeca,Other
CUST_000352,2023-04-03 15:18:12.843208,62,M,9684,Coimbra,Other,Platinum,True,True,PT,4,127614.40501677898,Retail,Other
CUST_000353,2024-08-21 15:18:12.843208,55,M,1191,Faro,Other,Bronze,True,False,EN,3,20000.0,Horeca,Other
CUST_000354,2023-02-12 15:18:12.843208,43,M,9690,Aveiro,Other,Gold,True,False,PT,3,96385.99116439976,Retail,Other
CUST_000355,2022-05-30 15:18:12.843208,44,F,5917,Coimbra,Other,Gold,True,False,PT,3,84974.86520627428,Horeca,Other
CUST_000356,2021-11-07 15:18:12.843208,32,F,6831,Aveiro,Other,Bronze,True,True,PT,4,20000.0,Horeca,Other
CUST_000357,2024-06-16 15:18:12.843208,44,M,5322,Braga,Other,Silver,True,True,EN,1,73831.03774508656,Horeca,Other
CUST_000358,2024-02-15 15:18:12.843208,41,M,7999,Évora,Other,Gold,True,False,PT,4,79234.05153175931,Retail,Other
CUST_000359,2023-03-11 15:18:12.843208,48,F,8282,Évora,Other,Gold,True,True,PT,4,79634.2630992169,Horeca,Other
CUST_000360,2021-03-01 15:18:12.843208,35,M,2874,Aveiro,Other,Bronze,False,True,PT,1,20000.0,Horeca,Other
CUST_000361,2024-02-15 15:18:12.843208,51,F,5763,Évora,Other,Gold,True,True,EN,4,65164.43168462314,Horeca,Other
CUST_000362,2021-06-16 15:18:12.843208,63,M,9464,Coimbra,Other,Bronze,True,False,EN,1,20000.0,Horeca,Other
CUST_000363,2022-06-13 15:18:12.843208,43,M,2051,Aveiro,Other,Bronze,True,True,PT,2,20000.0,Horeca,Other
CUST_000364,2023-03-14 15:18:12.843208,49,M,8538,Faro,Other,Bronze,True,True,PT,3,28820.14348507277,Horeca,Other
CUST_000365,2024-08-13 15:18:12.843208,53,M,8411,Coimbra,Other,Bronze,True,False,PT,1,20000.0,Horeca,Other
CUST_000366,2024-01-08 15:18:12.843208,40,M,7320,Coimbra,Other,Gold,True,True,PT,4,72858.46377178366,Retail,Other
CUST_000367,2025-03-19 15:18:12.843208,47,M,3105,Coimbra,Other,Bronze,False,True,EN,4,37857.50610970455,Horeca,Other
CUST_000368,2025-07-08 15:18:12.843208,45,M,1307,Faro,Other,Bronze,True,True,PT,3,20000.0,Horeca,Other
CUST_000369,2021-04-12 15:18:12.843208,46,F,8737,Braga,Other,Gold,True,True,EN,1,71927.3720740506,Horeca,Other
CUST_000370,2022-04-24 15:18:12.843208,35,F,4359,Évora,Other,Bronze,True,True,PT,2,20000.0,Horeca,Other
CUST_000371,2025-01-16 15:18:12.843208,45,F,4176,Aveiro,Other,Platinum,True,True,PT,3,127053.32303090623,Retail,Other
CUST_000372,2023-01-08 15:18:12.843208,50,F,2251,Braga,Other,Gold,True,False,PT,5,83282.06222139193,Horeca,Other
CUST_000373,2024-02-23 15:18:12.843208,62,F,6366,Aveiro,Other,Bronze,True,True,PT,3,32521.52628579446,Horeca,Other
CUST_000374,2025-06-05 15:18:12.843208,56,M,2517,Évora,Other,Gold,False,False,PT,2,91159.64364998102,Retail,Other
CUST_000375,2025-03-20 15:18:12.843208,70,M,7226,Faro,Other,Bronze,True,True,PT,3,39531.25416171849,Horeca,Other
CUST_000376,2022-05-08 15:18:12.843208,35,F,6305,Coimbra,Other,Bronze,True,True,EN,3,30083.809258486584,Horeca,Other
CUST_000377,2021-05-27 15:18:12.843208,55,M,6869,Coimbra,Other,Gold,False,True,PT,4,91645.28564534897,Retail,Other
CUST_000378,2023-02-11 15:18:12.843208,47,F,9039,Faro,Other,Platinum,True,True,PT,1,124871.13068424976,Horeca,Other
CUST_000379,2024-09-23 15:18:12.843208,71,F,5891,Braga,Other,Bronze,False,False,EN,4,25455.83728601056,Horeca,Other
CUST_000380,2024-12-24 15:18:12.843208,35,M,5992,Braga,Other,Silver,True,True,PT,3,50127.0701444098,Retail,Other
CUST_000381,2021-04-03 15:18:12.843208,34,M,2961,Aveiro,Other,Gold,False,True,PT,5,87177.9866822953,Horeca,Other
CUST_000382,2022-08-10 15:18:12.843208,37,M,3863,Faro,Other,Gold,True,False,PT,2,85195.15156755935,Horeca,Other
CUST_000383,2024-12-10 15:18:12.843208,19,F,7603,Braga,Other,Platinum,False,False,PT,3,141814.11590729386,Horeca,Other
CUST_000384,2023-09-18 15:18:12.843208,38,M,5567,Faro,Other,Bronze,False,False,PT,5,29349.58111187744,Horeca,Other
CUST_000385,2022-06-20 15:18:12.843208,35,F,7513,Évora,Other,Platinum,True,True,EN,1,143247.86990524933,Horeca,Other
CUST_000386,2024-08-12 15:18:12.843208,46,F,5005,Coimbra,Other,Silver,False,False,EN,5,45050.230100767076,Horeca,Other
CUST_000387,2022-07-23 15:18:12.843208,49,F,1183,Coimbra,Other,Bronze,True,True,PT,3,29554.69084873175,Horeca,Other
CUST_000388,2025-08-08 15:18:12.843208,67,M,8755,Coimbra,Other,Gold,True,True,PT,1,74850.7313739317,Horeca,Other
CUST_000389,2024-01-29 15:18:12.843208,56,M,4358,Faro,Other,Bronze,True,True,EN,2,39967.770677206616,Horeca,Other
CUST_000390,2023-12-05 15:18:12.843208,38,F,7615,Faro,Other,Bronze,True,True,PT,3,33243.01015775048,Horeca,Other
CUST_000391,2024-10-24 15:18:12.843208,34,M,7797,Aveiro,Other,Bronze,True,True,PT,1,20000.0,Horeca,Other
CUST_000392,2025-04-25 15:18:12.843208,50,M,9728,Coimbra,Other,Bronze,True,True,PT,3,31046.59955619637,Horeca,Other
CUST_000393,2023-04-21 15:18:12.843208,29,M,8678,Aveiro,Other,Bronze,True,False,EN,2,20000.0,Horeca,Other
CUST_000394,2021-04-06 15:18:12.843208,66,F,6698,Coimbra,Other,Platinum,False,True,PT,3,108946.17299053658,Horeca,Other
CUST_000395,2024-09-08 15:18:12.843208,59,F,2273,Aveiro,Other,Silver,False,True,PT,1,40261.934869703204,Horeca,Other
CUST_000396,2025-05-06 15:18:12.843208,39,M,7653,Aveiro,Other,Bronze,True,True,PT,4,31572.5978120999,Horeca,Other
CUST_000397,2022-01-24 15:18:12.843208,24,F,2096,Évora,Other,Gold,True,False,PT,5,87922.31364102394,Retail,Other
CUST_000398,2023-03-04 15:18:12.843208,61,M,9002,Aveiro,Other,Silver,True,True,PT,5,59480.775801513235,Horeca,Other
CUST_000399,2021-02-08 15:18:12.843208,43,M,5247,Faro,Other,Silver,True,True,PT,3,44034.947996366405,Horeca,Other
CUST_000400,2024-05-18 15:18:12.843208,59,M,6314,Aveiro,Other,Bronze,True,False,EN,1,20967.28853927545,Horeca,Other
CUST_000401,2021-03-03 15:18:12.843208,25,M,4354,Coimbra,Other,Bronze,True,False,PT,4,25601.277758737586,Horeca,Other
CUST_000402,2021-07-30 15:18:12.843208,37,F,1270,Aveiro,Other,Platinum,True,True,PT,1,120241.52002701274,Horeca,Other
CUST_000403,2020-10-10 15:18:12.843208,45,F,2186,Braga,Other,Gold,False,False,PT,1,84987.94215612936,Horeca,Other
CUST_000404,2023-09-30 15:18:12.843208,45,F,7305,Coimbra,Other,Platinum,True,False,EN,2,106574.29959889578,Horeca,Other
CUST_000405,2025-02-10 15:18:12.843208,39,M,3398,Braga,Other,Gold,True,False,EN,2,80130.95075413502,Horeca,Other
CUST_000406,2023-11-18 15:18:12.843208,52,M,7995,Coimbra,Other,Bronze,True,True,PT,4,33238.95749800544,Horeca,Other
CUST_000407,2025-02-28 15:18:12.843208,32,M,8299,Faro,Other,Platinum,True,False,PT,3,117997.90184207077,Horeca,Other
CUST_000408,2025-07-09 15:18:12.843208,43,F,5182,Faro,Other,Platinum,True,True,PT,2,120582.15529559222,Retail,Other
CUST_000409,2023-05-31 15:18:12.843208,46,M,3230,Faro,Other,Silver,True,True,PT,2,64142.85750832246,Retail,Other
CUST_000410,2021-07-21 15:18:12.843208,51,F,7511,Braga,Other,Gold,True,True,PT,5,69334.85213486516,Horeca,Other
CUST_000411,2021-09-25 15:18:12.843208,53,F,1128,Évora,Other,Silver,True,True,PT,2,45945.97730245034,Horeca,Other
CUST_000412,2023-01-20 15:18:12.843208,31,F,4672,Coimbra,Other,Bronze,False,True,PT,2,32411.16020463402,Horeca,Other
CUST_000413,2021-10-08 15:18:12.843208,26,F,5765,Faro,Other,Silver,False,False,PT,1,45863.58874404245,Horeca,Other
CUST_000414,2021-12-08 15:18:12.843208,60,F,4970,Coimbra,Other,Gold,True,True,PT,4,89795.9864298655,Horeca,Other
CUST_000415,2021-11-18 15:18:12.843208,48,F,8545,Braga,Other,Silver,True,True,EN,3,45335.26970038289,Horeca,Other
CUST_000416,2021-02-27 15:18:12.843208,36,M,6552,Évora,Other,Gold,True,True,PT,2,82421.04240071171,Retail,Other
CUST_000417,2024-01-04 15:18:12.843208,63,M,1627,Braga,Other,Gold,True,True,PT,1,80155.49428534321,Retail,Other
CUST_000418,2022-06-10 15:18:12.843208,46,F,7589,Coimbra,Other,Silver,True,False,EN,3,58259.69301061629,Horeca,Other
CUST_000419,2025-06-17 15:18:12.843208,59,F,3044,Évora,Other,Gold,True,True,EN,3,95918.35163746805,Retail,Other
CUST_000420,2023-03-03 15:18:12.843208,45,M,3341,Évora,Other,Silver,True,True,PT,2,45455.88161424067,Horeca,Other
CUST_000421,2022-01-22 15:18:12.843208,69,F,6884,Braga,Other,Gold,True,True,EN,5,74617.13630670041,Horeca,Other
CUST_000422,2023-07-03 15:18:12.843208,66,F,9185,Faro,Other,Gold,True,True,EN,1,98182.02343698038,Retail,Other
CUST_000423,2021-08-12 15:18:12.843208,42,M,1249,Coimbra,Other,Gold,False,True,PT,2,84334.42230131567,Horeca,Other
CUST_000424,2022-05-10 15:18:12.843208,56,F,3925,Aveiro,Other,Gold,False,False,PT,5,82725.04856773469,Retail,Other
CUST_000425,2023-07-01 15:18:12.843208,52,F,6043,Aveiro,Other,Gold,False,False,PT,2,94469.62935669634,Retail,Other
CUST_000426,2021-07-05 15:18:12.843208,61,F,1974,Braga,Other,Gold,True,True,EN,3,81525.44295927149,Horeca,Other
CUST_000427,2022-05-05 15:18:12.843208,33,M,8192,Coimbra,Other,Platinum,False,False,EN,2,128064.04106632751,Horeca,Other
CUST_000428,2025-05-04 15:18:12.843208,53,M,3672,Coimbra,Other,Platinum,True,False,PT,2,171501.4253849833,Horeca,Other
CUST_000429,2025-02-02 15:18:12.843208,57,M,8279,Braga,Other,Bronze,False,False,PT,5,46940.47686004653,Horeca,Other
CUST_000430,2022-04-15 15:18:12.843208,23,F,8531,Coimbra,Other,Bronze,True,True,PT,2,42918.96290203246,Horeca,Other
CUST_000431,2024-06-28 15:18:12.843208,30,F,9662,Faro,Other,Silver,False,True,PT,4,73273.706446994,Horeca,Other
CUST_000432,2020-10-17 15:18:12.843208,20,M,2987,Braga,Other,Gold,True,True,PT,2,96707.55598363426,Horeca,Other
CUST_000433,2023-05-01 15:18:12.843208,41,F,1090,Faro,Other,Gold,False,False,EN,2,72722.52074532883,Horeca,Other
CUST_000434,2020-11-01 15:18:12.843208,53,F,9721,Coimbra,Other,Bronze,False,False,PT,1,21330.410648269084,Horeca,Other
CUST_000435,2025-05-21 15:18:12.843208,63,F,5059,Braga,Other,Gold,True,True,EN,3,83659.86071469558,Horeca,Other
CUST_000436,2021-11-16 15:18:12.843208,45,F,3773,Coimbra,Other,Platinum,True,True,PT,2,179866.42315123946,Horeca,Other
CUST_000437,2025-02-27 15:18:12.843208,64,F,9383,Braga,Other,Platinum,False,False,PT,4,130996.93623763311,Horeca,Other
CUST_000438,2021-03-15 15:18:12.843208,28,M,8409,Coimbra,Other,Platinum,True,False,PT,2,194200.1766554137,Retail,Other
CUST_000439,2022-03-02 15:18:12.843208,24,F,5440,Faro,Other,Silver,False,False,EN,5,42758.392243439455,Horeca,Other
CUST_000440,2025-03-11 15:18:12.843208,44,M,8347,Faro,Other,Bronze,True,False,EN,1,20000.0,Horeca,Other
